id,name,full,team,pos,price,sel%,pts_25_26,mins,starts,ppg,g,a,xG,xA,xGI90,xGC90,cs,bonus,bps,defcon,defcon90,ict,joined,status,news,cop_next,pens,sp,fk,ep_next,born
411,Haaland,Erling Haaland,MCI,FWD,15.5,74.8,239,2953,34,6.8,27,8,25.5,2.67,0.86,1.18,13,43,952,104,3.17,302.3,2022-07-01,a,,,1,,,4.0,2000-07-21
426,B.Fernandes,Bruno Borges Fernandes,MUN,MID,12.0,48.7,235,3065,35,6.7,9,24,10.79,12.28,0.68,1.3,7,41,1008,287,8.43,381.4,2020-01-30,a,,,1,4,1,4.0,1994-09-08
12,Saka,Bukayo Saka,ARS,MID,9.5,10.6,157,2218,25,5.1,7,10,7.57,7.16,0.6,0.63,12,18,570,184,7.47,230.6,2018-11-28,a,,,1,6,2,3.2,2001-09-05
154,Palmer,Cole Palmer,CHE,MID,9.5,12.2,114,1954,24,4.4,10,2,10.55,2.49,0.6,1.43,3,11,430,135,6.22,147.7,2023-09-01,a,,,1,,3,3.2,2002-05-06
379,Isak,Alexander Isak,LIV,FWD,9.0,11.2,41,694,8,2.9,3,1,2.59,0.08,0.35,1.09,1,4,140,30,3.89,36.9,2025-09-01,a,,,1,,,2.7,1999-09-21
397,Semenyo,Antoine Semenyo,MCI,MID,8.5,22.4,202,3200,37,5.5,17,6,11.1,3.12,0.4,1.34,12,18,678,236,6.64,257.7,2026-01-09,a,,,3,,,2.9,2000-01-07
4,Gabriel,Gabriel dos Santos Magalhães,ARS,DEF,8.0,26.1,209,2750,30,6.5,3,5,2.94,1.75,0.16,0.72,18,30,724,277,9.07,125.0,2020-09-01,a,,,,,,4.0,1997-12-19
480,Gibbs-White,Morgan Gibbs-White,NFO,MID,8.0,11.6,188,3101,35,5.1,15,4,10.81,2.91,0.39,1.44,10,18,712,178,5.17,242.5,2022-08-19,a,,,2,,1,2.8,2000-01-27
106,Thiago,Igor Thiago Nascimento Rodrigues,BRE,FWD,8.0,16.0,181,3282,37,4.8,22,1,20.6,1.83,0.61,1.46,10,22,710,214,5.87,256.9,2024-07-01,a,,,1,,,2.5,2001-06-26
55,Watkins,Ollie Watkins,AVL,FWD,8.0,12.5,167,2833,33,4.5,16,4,15.4,1.18,0.53,1.38,9,26,623,94,2.99,225.2,2020-09-09,a,,,2,,,2.5,1995-12-30
427,Mbeumo,Bryan Mbeumo,MUN,MID,8.0,18.0,148,2611,31,4.5,11,3,11.98,4.99,0.58,1.24,8,16,528,139,4.79,231.4,2025-07-21,a,,,2,5,2,2.8,1999-08-07
428,Cunha,Matheus Santos Carneiro da Cunha,MUN,MID,8.0,14.1,143,2493,29,4.3,10,4,6.9,3.36,0.37,1.29,8,14,591,211,7.62,202.5,2025-06-01,a,,,,,,2.8,1999-05-27
13,Rice,Declan Rice,ARS,MID,7.5,22.4,184,3093,35,5.1,4,9,3.15,7.32,0.3,0.69,18,23,790,376,10.94,215.4,2023-07-15,a,,,,5,1,2.6,1999-01-14
165,João Pedro,João Pedro Junqueira de Jesus,CHE,FWD,7.5,54.3,177,2658,31,5.1,15,9,14.91,1.96,0.57,1.26,10,30,715,138,4.67,212.1,2025-07-02,a,,,,,,2.3,2001-09-26
40,Rogers,Morgan Rogers,CHE,MID,7.5,30.0,169,3280,37,4.6,10,8,6.84,4.32,0.31,1.41,9,17,605,230,6.31,232.0,2026-07-21,a,,,,,,2.6,2002-07-26
399,Cherki,Rayan Cherki,MCI,MID,7.5,9.3,135,1772,19,4.1,4,13,4.28,8.87,0.67,1.28,8,16,580,135,6.86,218.1,2025-06-10,a,,,,5,1,2.6,2003-08-17
25,Gyökeres,Viktor Gyökeres,ARS,FWD,7.5,13.0,128,2217,26,3.6,14,1,12.26,1.94,0.58,0.72,12,16,474,85,3.45,157.5,2025-07-26,a,,,2,,,2.3,1998-06-04
366,Wirtz,Florian Wirtz,LIV,MID,7.5,12.4,125,2374,27,3.8,5,4,6.83,5.14,0.45,1.29,10,17,521,176,6.67,210.0,2025-06-20,a,,,4,6,2,2.6,2003-05-03
380,Ekitiké,Hugo Ekitiké,LIV,FWD,7.5,0.2,125,1797,21,4.5,11,4,10.1,2.45,0.63,1.31,7,22,433,85,4.26,156.2,2025-07-23,i,Achilles injury - Unknown return date,0,,,,0.0,2002-06-20
400,Doku,Jérémy Doku,MCI,MID,7.5,6.4,120,1773,19,4.0,5,8,2.87,5.86,0.45,1.18,8,15,526,126,6.4,202.5,2023-08-24,a,,,4,,,2.6,2002-05-27
78,Kroupi.Jr,Junior Kroupi,BOU,MID,7.5,5.1,113,1663,21,3.4,13,0,8.31,1.51,0.53,1.4,10,13,480,112,6.06,139.9,2025-02-02,i,Foot injury - Unknown return date,0,1,,,0.0,2006-06-23
26,Havertz,Kai Havertz,ARS,FWD,7.5,4.0,36,577,7,3.0,2,3,3.31,0.64,0.62,1.04,4,3,143,32,4.99,49.9,2023-06-28,a,,,,,,2.3,1999-06-11
368,Szoboszlai,Dominik Szoboszlai,LIV,MID,7.0,47.2,160,3232,36,4.4,6,7,4.76,6.83,0.32,1.27,9,21,780,338,9.41,260.9,2023-07-02,a,,,2,4,1,2.5,2000-10-25
155,Enzo,Enzo Fernández,CHE,MID,7.0,5.5,157,3114,35,4.4,10,5,11.26,7.26,0.54,1.3,8,19,700,244,7.05,264.6,2023-01-31,a,,,2,7,2,2.5,2001-01-17
452,Bruno G.,Bruno Guimarães Rodriguez Moura,NEW,MID,7.0,9.1,154,2456,27,5.3,9,7,5.59,4.96,0.38,1.17,6,22,681,251,9.2,202.9,2022-01-30,a,,,3,6,2,2.5,1997-11-16
367,Gakpo,Cody Gakpo,LIV,MID,7.0,3.5,131,2736,32,3.6,7,5,8.35,4.67,0.42,1.15,10,5,449,152,5.0,208.4,2023-01-01,a,,,3,5,,2.5,1999-05-07
398,Foden,Phil Foden,MCI,MID,7.0,7.6,131,2078,23,4.0,7,5,6.03,4.76,0.47,1.19,11,13,563,160,6.93,201.9,2016-12-05,a,,,,4,3,2.5,2000-05-28
439,Šeško,Benjamin Sesko,MUN,FWD,7.0,2.7,111,1630,17,3.7,11,2,9.21,0.28,0.53,1.49,2,19,405,64,3.53,143.4,2025-08-09,d,Shin injury - 75% chance of playing,75,,,,1.7,2003-05-31
401,Marmoush,Omar Marmoush,MCI,FWD,7.0,0.7,56,691,8,2.7,3,3,2.78,0.77,0.46,1.03,4,5,182,39,5.08,64.4,2025-01-23,a,,,2,,2,2.2,1999-02-07
429,Rashford,Marcus Rashford,MUN,MID,7.0,1.4,0,0,0,0.0,0,0,0.0,0.0,0,0,0,0,0,0,0,0.0,2015-07-01,a,,,,,,2.5,1997-10-31
481,Anderson,Elliot Anderson,MCI,MID,6.5,11.9,180,3332,37,4.7,4,5,2.94,4.79,0.21,1.45,10,16,795,515,13.91,219.0,2026-07-02,a,,,,,,2.3,2002-11-06
356,Virgil,Virgil van Dijk,LIV,DEF,6.5,16.2,175,3420,38,4.6,6,1,3.77,1.44,0.14,1.25,10,10,593,352,9.26,187.6,2018-01-01,a,,,,,,3.1,1991-07-08
260,Wilson,Harry Wilson,LEE,MID,6.5,8.5,168,2674,32,4.7,10,9,5.88,4.77,0.36,1.35,9,21,637,177,5.96,196.9,2026-07-08,a,,,,,,2.3,1997-03-22
387,O'Reilly,Nico O'Reilly,MCI,DEF,6.5,22.7,160,2643,29,4.7,5,4,6.12,2.67,0.3,1.19,14,10,567,172,5.86,164.1,2022-12-16,a,,,,,,3.1,2005-03-21
236,Dewsbury-Hall,Kiernan Dewsbury-Hall,EVE,MID,6.5,3.9,151,2629,30,4.9,8,7,4.35,5.34,0.33,1.38,8,18,598,230,7.87,166.0,2025-08-06,a,,,,5,,2.3,1998-09-06
5,J.Timber,Jurriën Timber,ARS,DEF,6.5,0.5,149,2452,28,5.0,3,6,4.71,1.53,0.23,0.64,13,9,532,148,5.43,125.7,2023-07-14,i,Groin injury - Expected back 21 Aug,0,,,,0.0,2001-06-17
95,O.Dango,Dango Ouattara,BRE,MID,6.5,1.4,136,2271,25,4.2,7,8,7.94,4.12,0.47,1.38,6,16,429,185,7.33,162.8,2025-08-16,a,,,,8,,2.3,2002-02-11
156,Neto,Pedro Lomba Neto,CHE,MID,6.5,1.3,125,2629,30,3.7,5,7,4.59,6.84,0.39,1.29,11,9,543,122,4.18,186.7,2024-08-11,a,,,,6,4,2.3,2000-03-09
208,Sarr,Ismaïla Sarr,CRY,MID,6.5,9.3,117,2173,24,4.2,9,2,10.93,1.17,0.5,1.29,9,9,359,137,5.67,135.1,2024-08-01,a,,,2,,,2.3,1998-02-25
223,Mateta,Jean-Philippe Mateta,CRY,FWD,6.5,6.9,114,2210,25,3.6,12,0,14.42,1.32,0.64,1.29,8,13,397,125,5.09,150.8,2022-01-31,a,,,1,,,2.1,1997-06-28
14,Eze,Eberechi Eze,ARS,MID,6.5,3.3,113,1885,22,3.4,7,3,5.18,2.66,0.38,0.68,11,8,439,120,5.73,115.1,2025-08-23,a,,,,,3,2.3,1998-06-29
238,Grealish,Jack Grealish,MCI,MID,6.5,0.2,79,1627,18,4.0,2,6,2.05,3.37,0.3,1.43,7,12,356,135,7.47,129.2,2021-08-05,d,Foot injury - 75% chance of playing,75,,,,1.7,1995-09-10
512,Kudus,Mohammed Kudus,TOT,MID,6.5,0.2,75,1535,19,3.9,2,6,1.92,2.41,0.25,1.33,7,7,257,133,7.8,104.7,2025-07-10,d,Thigh injury - 75% chance of playing,75,2,7,3,1.7,2000-08-02
15,Ødegaard,Martin Ødegaard,ARS,MID,6.5,3.0,74,1363,16,3.1,1,7,1.25,3.65,0.32,1.07,6,5,306,102,6.74,104.4,2021-08-20,a,,,3,8,,2.3,1998-12-17
16,Madueke,Noni Madueke,ARS,MID,6.5,0.4,72,1205,16,2.8,3,1,1.23,2.86,0.3,0.95,8,9,254,70,5.23,101.3,2025-07-18,a,,,,7,,2.3,2002-03-10
402,Rodrigo,Rodrigo 'Rodri' Hernandez Cascante,MCI,MID,6.5,0.1,69,1510,17,3.3,1,1,1.15,2.45,0.22,1.24,5,6,350,206,12.28,90.3,2019-07-04,i,Back injury - Unknown return date,0,,,,0.0,1996-06-22
67,Rayan,Rayan Vitor Simplício Rocha,BOU,MID,6.5,3.5,67,1110,13,4.5,5,2,2.67,1.84,0.37,1.55,6,3,238,82,6.65,75.3,2026-01-27,a,,,,,,2.3,2006-08-03
157,Estêvão,Estêvão Almeida de Oliveira Gonçalves,CHE,MID,6.5,1.8,58,839,12,2.6,2,5,2.91,2.14,0.54,1.1,4,4,172,56,6.01,72.6,2025-07-14,a,,,3,8,,2.3,2007-04-24
18,Martinelli,Gabriel Martinelli Silva,ARS,MID,6.5,0.3,57,1065,11,1.9,1,5,4.12,1.27,0.46,0.89,2,3,195,77,6.51,79.0,2019-07-15,a,,,,,,2.3,2001-06-18
403,Savinho,Sávio Moreira de Oliveira,MCI,MID,6.5,0.1,43,817,7,1.8,1,2,2.5,1.59,0.46,1.24,3,1,140,59,6.5,65.8,2024-07-18,a,,,,,,2.3,2004-04-10
515,Maddison,James Maddison,TOT,MID,6.5,2.1,3,34,0,1.0,0,0,0.21,0.06,0.72,1.72,0,0,5,5,13.24,2.8,2023-06-28,a,,,,,,2.3,1996-11-23
557,Tzolis,Christos Tzolis,ARS,MID,6.5,2.1,0,0,0,0.0,0,0,0.0,0.0,0,0,0,0,0,0,0,0.0,2026-07-23,a,,,,,,2.3,2002-01-30
166,N.Jackson,Nicolas Jackson,CHE,FWD,6.5,0.4,0,0,0,0.0,0,0,0.0,0.0,0,0,0,0,0,0,0,0.0,2023-07-01,a,,,,,,2.1,2001-06-20
377,Munoz,Victor Munoz,LIV,MID,6.5,0.8,0,0,0,0.0,0,0,0.0,0.0,0,0,0,0,0,0,0,0.0,2026-06-18,a,,,,,,2.3,2003-07-13
521,Kulusevski,Dejan Kulusevski,TOT,MID,6.5,0.0,0,0,0,0.0,0,0,0.0,0.0,0,0,0,0,0,0,0,0.0,2023-07-01,i,Knee injury - Unknown return date,0,,,,0.0,2000-04-25
388,Guéhi,Marc Guéhi,MCI,DEF,6.0,23.8,179,3150,35,5.1,3,5,4.05,2.37,0.19,1.27,14,14,688,278,7.94,160.9,2026-01-19,a,,,,,,2.8,2000-07-13
498,Senesi,Marcos Senesi Barón,TOT,DEF,6.0,10.8,175,3288,37,4.7,0,6,1.53,4.72,0.17,1.5,11,14,571,419,11.47,168.6,2026-07-01,a,,,,,,2.8,1997-05-10
229,Tarkowski,James Tarkowski,EVE,DEF,6.0,9.9,170,3330,37,4.6,2,3,2.53,2.1,0.13,1.45,11,12,592,376,10.16,165.7,2022-07-01,a,,,,,,2.8,1992-11-19
1,Raya,David Raya Martín,ARS,GKP,6.0,30.9,162,3330,37,4.4,0,0,0.0,0.07,0.0,0.74,19,11,633,0,0.0,57.5,2024-07-04,a,,,,,,4.0,1995-09-15
239,Garner,James Garner,EVE,MID,6.0,0.7,159,3413,38,4.2,2,7,2.1,6.18,0.22,1.48,11,13,818,458,12.08,208.4,2022-09-01,i,Groin injury - Expected back 22 Aug,0,3,4,1,0.0,2001-03-13
200,Lacroix,Maxence Lacroix,CHE,DEF,6.0,12.0,154,3085,35,4.4,1,2,2.45,0.83,0.09,1.28,11,11,529,370,10.79,124.3,2026-07-30,a,,,,,,2.8,2000-04-06
389,Matheus N.,Matheus Nunes,MCI,DEF,6.0,4.9,154,2861,32,4.5,1,8,0.34,2.23,0.08,1.1,12,16,676,195,6.13,137.6,2023-09-01,a,,,5,,,2.8,1998-08-27
542,E.Le Fée,Enzo Le Fée,SUN,MID,6.0,12.6,147,2930,33,4.1,5,6,5.22,5.95,0.34,1.43,10,16,621,319,9.8,186.9,2025-07-01,a,,,2,6,2,2.1,2000-02-03
371,Gravenberch,Ryan Gravenberch,LIV,MID,6.0,1.9,144,2991,34,4.0,5,5,1.89,2.26,0.13,1.16,9,17,671,298,8.97,140.1,2023-09-01,a,,,,,,2.1,2002-05-16
346,Calvert-Lewin,Dominic Calvert-Lewin,LEE,FWD,6.0,22.9,142,2721,30,4.1,14,2,15.57,1.06,0.55,1.18,8,20,472,105,3.47,194.7,2025-08-15,a,,,1,,,2.0,1997-03-16
6,Saliba,William Saliba,ARS,DEF,6.0,0.5,137,2614,30,4.4,1,0,0.88,1.21,0.07,0.7,15,12,581,193,6.64,84.3,2019-07-25,i,Back injury - Unknown return date,0,,,,0.0,2001-03-24
68,Tavernier,Marcus Tavernier,BOU,MID,6.0,1.9,137,2732,31,4.0,7,4,9.06,4.6,0.45,1.35,11,14,552,251,8.27,207.9,2022-08-01,a,,,3,6,1,2.1,1999-03-22
335,Stach,Anton Stach,LEE,MID,6.0,1.3,137,2369,28,4.7,5,6,2.88,4.47,0.28,1.29,7,14,550,266,10.11,188.8,2025-07-22,a,,,,4,1,2.1,1998-11-15
69,Scott,Alex Scott,BOU,MID,6.0,1.6,136,2848,34,3.7,3,2,3.8,2.94,0.21,1.49,11,9,603,386,12.2,139.0,2023-08-10,a,,,,7,4,2.1,2003-08-21
525,Fernandes,Mateus Fernandes,TOT,MID,6.0,3.5,135,3017,35,3.8,3,4,1.99,2.96,0.15,1.44,8,7,659,369,11.01,146.3,2026-07-02,a,,,,,,2.1,2004-07-10
237,Ndiaye,Iliman Ndiaye,EVE,MID,6.0,16.5,128,2781,32,4.0,6,3,6.68,4.41,0.36,1.38,8,7,540,283,9.16,166.5,2024-07-03,a,,,1,,,2.1,2000-03-06
136,Welbeck,Danny Welbeck,CHE,FWD,6.0,2.7,126,2249,26,3.4,13,1,12.36,1.4,0.55,1.27,10,18,511,112,4.48,168.2,2026-08-01,a,,,,,,2.0,1990-11-26
94,Schade,Kevin Schade,BRE,MID,6.0,2.2,125,2744,32,3.6,8,5,12.08,2.05,0.47,1.31,11,5,385,190,6.23,172.8,2023-07-01,a,,,2,,,2.1,2001-11-27
527,Richarlison,Richarlison de Andrade,TOT,FWD,6.0,1.9,119,1954,20,3.7,11,4,8.64,1.46,0.47,1.18,7,17,505,147,6.77,165.2,2022-07-01,a,,,4,,,2.0,1997-05-10
122,Minteh,Yankuba Minteh,BHA,MID,6.0,0.7,117,2389,26,3.4,3,8,3.81,5.06,0.33,1.28,11,9,466,185,6.97,180.3,2024-07-01,a,,,,6,,2.1,2004-07-22
79,Evanilson,Francisco Evanilson de Lima Barbosa,BOU,FWD,6.0,2.0,115,2741,32,3.2,6,7,10.64,1.48,0.4,1.28,11,6,412,135,4.43,155.5,2024-08-16,a,,,,,,2.0,1999-10-06
491,Igor Jesus,Igor Jesus Maciel da Cruz,NFO,FWD,6.0,5.0,114,2293,28,3.1,6,6,6.48,1.26,0.3,1.52,9,13,407,123,4.83,136.4,2025-07-05,a,,,3,,,2.0,2001-02-25
336,Okafor,Noah Okafor,LEE,MID,6.0,0.7,109,1553,19,3.9,8,3,5.25,1.32,0.38,1.42,6,11,354,113,6.55,115.0,2025-08-21,a,,,,,,2.1,2000-05-24
463,Woltemade,Nick Woltemade,NEW,FWD,6.0,1.7,108,1896,24,3.3,8,4,6.59,1.53,0.38,1.22,8,12,399,105,4.98,117.5,2025-08-30,a,,,1,,,2.0,2002-02-14
453,Barnes,Harvey Barnes,NEW,MID,6.0,1.2,106,1951,19,2.9,7,1,6.84,2.72,0.45,1.4,5,9,349,100,4.61,147.0,2023-07-23,a,,,,,,2.1,1997-12-09
41,Buendía,Emiliano Buendía Stati,AVL,MID,6.0,0.9,102,1753,21,2.8,6,2,3.38,2.23,0.28,1.44,3,10,382,197,10.11,121.4,2021-06-10,a,,,1,,1,2.1,1996-12-25
415,Dorgu,Patrick Dorgu,MUN,MID,6.0,1.8,95,1440,15,3.7,4,4,2.39,1.84,0.27,1.23,4,11,321,98,6.12,120.3,2025-02-02,a,,,,,,2.1,2004-10-26
404,Reijnders,Tijjani Reijnders,MCI,MID,6.0,0.4,92,1623,19,3.3,5,3,4.61,2.35,0.39,1.04,7,6,337,100,5.55,111.2,2025-06-10,a,,,,6,4,2.1,1998-07-29
552,Brobbey,Brian Brobbey,SUN,FWD,6.0,19.9,92,1920,22,3.0,7,2,6.02,0.67,0.31,1.47,6,12,309,74,3.47,106.7,2025-09-01,a,,,,,,2.0,2002-02-01
123,Hinshelwood,Jack Hinshelwood,BHA,MID,6.0,0.3,91,1736,20,3.4,4,5,4.94,2.34,0.38,1.44,7,2,317,114,5.91,94.8,2022-12-30,a,,,,,,2.1,2005-04-11
431,Amad,Amad Diallo,MUN,MID,6.0,1.5,91,2339,27,2.8,2,5,5.46,4.74,0.39,1.22,6,7,463,198,7.62,163.5,2021-01-07,a,,,,6,,2.1,2002-07-11
482,Hudson-Odoi,Callum Hudson-Odoi,NFO,MID,6.0,0.0,88,1838,21,2.9,3,4,2.77,3.02,0.29,1.51,6,8,358,106,5.19,130.6,2023-09-01,d,Thigh injury - 75% chance of playing,75,,,4,1.6,2000-11-07
457,J.Murphy,Jacob Murphy,NEW,MID,6.0,0.2,82,1606,19,2.5,3,2,3.07,2.66,0.32,1.36,8,5,314,90,5.04,106.0,2017-07-19,a,,,,,,2.1,1995-02-24
513,Xavi,Xavi Simons,TOT,MID,6.0,0.0,80,1747,19,2.9,2,5,3.06,3.85,0.36,1.58,4,7,345,149,7.68,113.9,2025-08-29,i,Knee injury - Unknown return date,0,3,8,2,0.0,2003-04-21
514,Tel,Mathys Tel,TOT,MID,6.0,0.4,78,1334,13,2.5,4,2,2.47,2.43,0.33,1.17,3,7,266,111,7.49,107.6,2025-07-01,a,,,,9,,2.1,2005-04-27
465,Osula,William Osula,NEW,FWD,6.0,1.6,76,805,8,3.2,7,1,4.28,0.62,0.55,1.62,2,13,284,31,3.47,62.2,2024-08-08,a,,,2,,,2.0,2003-08-04
222,Strand Larsen,Jørgen Strand Larsen,CRY,FWD,6.0,0.6,75,2301,26,2.1,4,1,5.3,1.12,0.25,1.41,5,3,215,95,3.72,91.5,2026-02-02,a,,,,,,2.0,2000-02-06
43,Tielemans,Youri Tielemans,MUN,MID,6.0,0.8,68,1857,21,2.7,0,4,1.14,3.26,0.22,1.52,4,3,417,203,9.84,113.1,2026-07-14,d,Hamstring injury - 75% chance of playing,75,3,,,1.6,1997-05-07
17,Merino,Mikel Merino Zazón,ARS,MID,6.0,1.2,67,1024,10,3.0,4,3,3.36,1.45,0.43,0.65,4,5,236,113,9.93,73.6,2024-08-27,a,,,,,,2.1,1996-06-22
209,Johnson,Brennan Johnson,CRY,MID,6.0,0.2,65,1710,19,1.9,2,1,2.45,1.31,0.2,1.49,6,2,217,121,6.37,75.8,2026-01-02,a,,,,,2,2.1,2001-05-23
121,Mitoma,Mitoma Kaoru,BHA,MID,6.0,0.2,62,1714,19,2.5,3,1,4.04,2.74,0.35,1.25,5,2,247,107,5.62,112.3,2021-08-09,i,Hamstring injury - Unknown return date,0,,,,0.0,1997-05-20
160,Garnacho,Alejandro Garnacho Ferreyra,AVL,MID,6.0,1.0,56,1261,14,2.3,1,4,3.44,3.68,0.51,1.46,4,3,222,71,5.07,100.5,2026-07-23,a,,,,,,2.1,2004-07-01
454,Elanga,Anthony Elanga,NEW,MID,6.0,0.7,48,1302,14,1.5,0,1,1.65,1.74,0.23,1.46,2,0,179,55,3.8,57.8,2025-07-11,a,,,,8,,2.1,2002-04-27
369,Ngumoha,Rio Ngumoha,LIV,MID,6.0,1.7,43,547,5,2.3,2,1,1.34,2.01,0.55,1.47,2,4,188,30,4.94,60.1,2024-12-17,a,,,,,,2.1,2008-08-29
70,Kluivert,Justin Kluivert,BOU,MID,6.0,1.1,41,945,10,2.0,2,0,2.31,1.55,0.37,1.71,4,3,147,65,6.19,58.8,2023-07-01,a,,,2,,2,2.1,1999-05-05
490,Wood,Chris Wood,NFO,FWD,6.0,1.8,41,896,11,2.7,3,0,4.29,0.32,0.46,1.45,2,4,145,29,2.91,48.0,2023-07-01,a,,,1,,,2.0,1991-12-07
526,Solanke,Dominic Solanke-Mitchell,TOT,FWD,6.0,2.7,40,997,11,2.7,3,0,2.97,0.34,0.3,1.61,0,4,187,71,6.41,62.7,2024-08-10,a,,,1,,,2.0,1997-09-14
464,Wissa,Yoane Wissa,NEW,FWD,6.0,1.3,27,517,4,1.4,1,1,3.13,0.54,0.63,1.74,1,0,70,22,3.83,25.5,2025-09-01,a,,,4,,,2.0,1996-09-03
158,Gittens,Jamie Bynoe-Gittens,CHE,MID,6.0,0.1,25,486,5,1.6,0,2,0.81,0.94,0.32,1.65,1,0,99,29,5.37,31.3,2025-07-05,a,,,,,,2.1,2004-08-08
27,G.Jesus,Gabriel Fernando de Jesus,ARS,FWD,6.0,0.4,24,418,3,1.7,3,0,2.71,0.26,0.64,0.85,1,0,92,30,6.46,47.5,2022-07-04,a,,,,,,2.0,1997-04-03
53,Manzambi,Johan Manzambi,AVL,MID,6.0,2.3,0,0,0,0.0,0,0,0.0,0.0,0,0,0,0,0,0,0,0.0,2026-07-17,a,,,,,,2.1,2005-10-14
81,Rodríguez,Álvaro Rodríguez,BOU,FWD,6.0,0.3,0,0,0,0.0,0,0,0.0,0.0,0,0,0,0,0,0,0,0.0,2026-07-14,a,,,,,,2.0,2004-07-14
105,Anthony,Jaidon Anthony,BRE,MID,6.0,0.2,0,0,0,0.0,0,0,0.0,0.0,0,0,0,0,0,232,0,0.0,2026-07-07,a,,,,,,2.1,1999-12-01
569,García,Gonzalo García,FUL,FWD,6.0,0.8,0,0,0,0.0,0,0,0.0,0.0,0,0,0,0,0,0,0,0.0,2026-08-03,a,,,,,,2.0,2004-03-24
461,Touré,Bazoumana Touré,NEW,MID,6.0,0.2,0,0,0,0.0,0,0,0.0,0.0,0,0,0,0,0,0,0,0.0,2026-07-05,a,,,,,,2.1,2006-03-02
61,Truffert,Adrien Truffert,BOU,DEF,5.5,4.7,165,3378,38,4.3,1,6,1.35,3.07,0.12,1.45,11,19,607,301,8.02,162.6,2025-06-16,a,,,,,,2.5,2001-11-20
533,Mukiele,Nordi Mukiele,SUN,DEF,5.5,7.7,151,2784,32,4.7,3,5,1.62,2.65,0.14,1.45,9,11,489,273,8.83,132.9,2025-08-17,a,,,,,,2.5,1997-11-01
143,Chalobah,Trevoh Chalobah,CHE,DEF,5.5,2.0,136,2780,31,4.0,3,1,1.44,1.03,0.08,1.32,9,7,516,265,8.58,99.1,2018-02-16,a,,,,,,2.5,1999-07-05
201,Muñoz,Daniel Muñoz Mejía,CRY,DEF,5.5,11.8,136,2400,29,4.7,4,4,2.45,3.94,0.24,1.29,10,9,469,196,7.35,139.5,2024-01-30,a,,,,,,2.5,1996-05-26
226,Pickford,Jordan Pickford,EVE,GKP,5.5,9.0,135,3420,38,3.6,0,0,0.0,0.2,0.01,1.48,11,11,545,0,0.0,90.8,2017-07-01,a,,,,,,3.3,1994-03-07
384,Donnarumma,Gianluigi Donnarumma,MCI,GKP,5.5,11.1,135,3060,34,4.0,0,0,0.0,0.13,0.0,1.13,15,5,567,0,0.0,68.0,2025-09-01,a,,,,,,3.3,1999-02-25
338,Ampadu,Ethan Ampadu,LEE,MID,5.5,1.5,134,3119,35,3.8,1,4,2.47,2.2,0.13,1.4,8,11,586,416,12.0,114.7,2023-07-19,a,,,,,,2.0,2000-09-14
19,Zubimendi,Martín Zubimendi Ibáñez,ARS,MID,5.5,1.5,133,2991,34,3.5,5,1,2.84,2.27,0.16,0.79,16,9,604,307,9.24,126.2,2025-07-06,a,,,,,,2.0,1999-02-02
84,Collins,Nathan Collins,BRE,DEF,5.5,2.0,129,2971,32,3.7,1,2,2.24,1.71,0.12,1.44,9,7,450,319,9.66,131.9,2023-07-04,a,,,,,,2.5,2001-04-30
337,Aaronson,Brenden Aaronson,LEE,MID,5.5,0.8,126,2449,30,3.4,4,8,4.53,3.6,0.3,1.36,9,5,446,216,7.94,146.7,2022-07-01,a,,,,,3,2.0,2000-10-22
544,Xhaka,Granit Xhaka,SUN,MID,5.5,5.8,124,2901,32,3.6,1,6,1.01,3.73,0.15,1.42,9,8,603,362,11.23,138.1,2025-07-30,a,,,,4,1,2.0,1992-09-27
471,Milenković,Nikola Milenković,NFO,DEF,5.5,2.3,119,3375,37,3.1,0,1,0.83,0.68,0.04,1.47,9,2,401,311,8.29,86.9,2024-07-18,a,,,,,,2.5,1997-10-12
499,Pedro Porro,Pedro Porro Sauceda,TOT,DEF,5.5,23.8,117,2793,32,3.4,1,3,1.05,4.37,0.17,1.22,9,8,502,218,7.02,177.5,2023-07-01,a,,,,6,1,2.5,1999-09-13
86,Lewis-Potter,Keane Lewis-Potter,BRE,MID,5.5,0.5,115,1960,22,3.2,3,4,3.01,2.51,0.26,1.55,9,5,356,74,3.4,106.4,2022-07-12,a,,,,,1,2.0,2001-02-22
142,James,Reece James,CHE,DEF,5.5,8.0,115,1957,20,4.0,2,6,1.04,3.2,0.2,1.32,8,11,493,128,5.89,106.1,2019-05-15,a,,,,5,1,2.5,1999-12-08
96,Damsgaard,Mikkel Damsgaard,BRE,MID,5.5,0.7,113,2046,24,3.4,4,4,2.61,5.43,0.35,1.39,5,9,467,241,10.6,155.0,2022-08-10,a,,,,6,3,2.0,2000-07-03
390,Rúben,Rúben dos Santos Gato Alves Dias,MCI,DEF,5.5,1.4,113,2139,24,4.3,2,0,0.57,0.65,0.05,1.1,12,4,453,167,7.03,81.0,2020-09-29,a,,,,,,2.5,1997-05-14
210,Wharton,Adam Wharton,CRY,MID,5.5,0.2,112,2552,29,3.3,1,6,1.52,7.47,0.31,1.38,8,8,511,303,10.69,139.6,2024-02-01,d,Ankle injury - 75% chance of playing,75,,5,,1.5,2004-02-06
60,Hill,James Hill,BOU,DEF,5.5,1.3,110,2102,22,3.8,0,3,0.89,1.16,0.09,1.43,8,4,386,260,11.13,86.3,2022-01-05,a,,,,,,2.5,2002-01-10
159,Caicedo,Moisés Caicedo Corozo,CHE,MID,5.5,3.7,110,2796,32,3.3,3,1,1.45,2.38,0.13,1.37,6,10,580,366,11.78,109.2,2023-08-14,a,,,,,,2.0,2001-11-02
8,Calafiori,Riccardo Calafiori,ARS,DEF,5.5,16.0,109,1697,22,4.2,1,2,3.36,0.76,0.22,0.52,13,6,389,102,5.41,77.9,2024-07-29,a,,,,,,2.5,2002-05-19
372,Mac Allister,Alexis Mac Allister,LIV,MID,5.5,1.9,108,2654,31,2.9,2,5,3.89,1.69,0.19,1.25,7,9,490,229,7.77,139.9,2023-06-14,a,,,5,,,2.0,1998-12-24
248,Beto,Norberto Bercique Gomes Betuncal,EVE,FWD,5.5,3.2,104,1551,17,2.8,9,1,8.9,0.23,0.53,1.4,5,15,343,89,5.16,124.5,2023-08-29,a,,,4,,,1.8,1998-01-31
45,McGinn,John McGinn,AVL,MID,5.5,2.7,103,2136,28,3.4,5,4,3.0,4.11,0.3,1.39,8,6,443,150,6.32,137.3,2018-08-08,a,,,,6,,2.0,1994-10-18
261,Iwobi,Alex Iwobi,FUL,MID,5.5,0.9,103,2420,29,3.6,4,3,1.91,4.7,0.24,1.33,5,13,508,188,6.99,159.4,2023-09-01,a,,,2,4,1,2.0,1996-05-03
97,Jensen,Mathias Jensen,BRE,MID,5.5,0.1,98,2239,26,2.7,3,2,2.21,6.06,0.33,1.44,9,1,465,220,8.84,126.9,2019-07-10,a,,,3,5,2,2.0,1996-01-01
129,Ayari,Yasin Ayari,BHA,MID,5.5,0.5,98,1921,20,3.4,3,4,2.7,1.15,0.18,1.26,6,7,406,225,10.54,84.5,2023-01-30,a,,,,8,1,2.0,2003-10-06
249,Barry,Thierno Barry,EVE,FWD,5.5,0.9,95,1898,21,2.5,8,0,8.17,0.44,0.41,1.59,7,9,295,74,3.51,102.5,2025-07-09,a,,,2,,,1.8,2002-10-21
350,A.Becker,Alisson Becker,LIV,GKP,5.5,4.1,91,2340,26,3.5,0,0,0.0,0.03,0.0,1.14,8,8,389,0,0.0,47.8,2018-07-19,a,,,,,,3.3,1992-10-02
9,Hincapie,Piero Hincapié,ARS,DEF,5.5,4.3,87,1787,20,3.5,1,2,0.36,1.67,0.1,0.88,5,7,335,171,8.61,70.9,2026-07-01,a,,,,,,2.5,2002-01-09
125,Georginio,Georginio Rutter,BHA,FWD,5.5,0.7,87,1776,20,2.7,3,5,2.9,2.9,0.3,1.09,7,2,290,131,6.64,113.5,2024-08-19,a,,,,,,1.8,2002-04-20
516,Bentancur,Rodrigo Bentancur,TOT,MID,5.5,0.1,86,1880,23,3.3,1,1,0.72,0.84,0.07,1.13,8,4,366,278,13.31,67.4,2022-01-31,a,,,,,,2.0,1997-06-25
54,Gomes,Joao Gomes,AVL,MID,5.5,0.3,85,2207,25,3.0,1,1,1.15,1.34,0.1,1.98,4,4,421,387,15.78,102.0,2026-07-20,a,,,,,,2.0,2001-02-12
358,Kerkez,Milos Kerkez,LIV,DEF,5.5,5.7,85,2251,27,2.5,2,1,1.5,0.69,0.09,1.2,6,4,357,134,5.36,99.4,2025-06-26,a,,,,,,2.5,2003-11-07
472,Murillo,Murillo Costa dos Santos,NFO,DEF,5.5,0.2,83,2130,25,3.3,1,0,0.73,0.47,0.05,1.39,6,3,333,223,9.42,74.0,2023-08-31,d,Muscular injury - 75% chance of playing,75,,,2,1.9,2002-07-04
549,Talbi,Chemsdine Talbi,SUN,MID,5.5,0.2,83,1553,16,3.0,4,2,2.13,1.18,0.19,1.29,7,6,248,92,5.33,69.1,2025-07-09,a,,,,,,2.0,2005-05-09
484,Hutchinson,Omari Hutchinson,NFO,MID,5.5,0.2,82,1676,17,2.6,1,7,2.01,3.87,0.32,1.31,6,3,329,129,6.93,121.6,2025-08-16,a,,,,4,,2.0,2003-10-30
373,C.Jones,Curtis Jones,LIV,MID,5.5,0.1,81,1923,18,2.4,1,3,2.21,2.77,0.23,1.47,3,6,447,237,11.09,104.6,2018-04-06,a,,,,,,2.0,2001-01-30
455,Tonali,Sandro Tonali,TOT,MID,5.5,4.0,81,2534,31,2.3,0,2,1.75,2.87,0.16,1.29,7,2,477,257,9.13,113.4,2026-07-06,a,,,,10,4,2.0,2000-05-08
262,Smith Rowe,Emile Smith Rowe,FUL,MID,5.5,0.4,80,1909,22,2.2,3,1,4.71,1.12,0.27,1.47,6,1,351,148,6.98,102.6,2024-08-02,a,,,,,,2.0,2000-07-28
391,Gvardiol,Joško Gvardiol,MCI,DEF,5.5,11.7,79,1370,16,4.4,2,2,2.25,0.7,0.2,1.05,6,5,303,103,6.77,69.8,2023-08-05,a,,,,,,2.5,2002-01-23
124,Groß,Pascal Groß,BHA,MID,5.5,8.4,78,1636,18,4.1,1,6,1.39,3.95,0.3,1.12,6,10,389,145,7.98,128.5,2026-01-02,a,,,1,5,,2.0,1991-06-15
211,Yeremy,Yéremy Pino Santos,CRY,MID,5.5,0.2,77,2074,26,2.3,2,2,4.53,6.12,0.47,1.3,7,3,331,167,7.25,141.4,2025-08-29,a,,,,6,1,2.0,2002-10-20
553,Isidor,Wilson Isidor,SUN,FWD,5.5,1.2,74,1148,11,2.3,6,1,4.7,0.38,0.4,1.55,4,7,266,51,4.0,71.5,2025-02-01,a,,,,,,1.8,2000-08-27
347,Nmecha,Lukas Nmecha,LEE,FWD,5.5,0.6,73,1065,10,2.4,6,1,7.25,1.58,0.74,1.85,3,8,268,57,4.82,87.8,2025-07-01,a,,,2,,,1.8,1998-12-14
432,Mainoo,Kobbie Mainoo,MUN,MID,5.5,1.3,73,1653,16,2.6,1,2,0.48,1.27,0.1,1.25,6,2,340,187,10.18,82.1,2022-10-15,a,,,,,,2.0,2005-04-19
458,Joelinton,Joelinton Cássio Apolinário de Lira,NEW,MID,5.5,0.0,73,1950,23,2.7,2,1,2.36,1.35,0.17,1.33,5,2,304,238,10.98,95.0,2019-07-24,d,Thigh injury - 75% chance of playing,75,,,,1.5,1996-08-14
459,L.Miley,Lewis Miley,NEW,MID,5.5,0.0,72,1493,15,3.1,1,4,1.36,2.1,0.21,1.28,2,5,334,155,9.34,73.0,2023-02-01,i,Leg injury - Expected back 30 Aug,0,,7,,0.0,2006-05-01
393,Khusanov,Abdukodir Khusanov,MCI,DEF,5.5,2.0,67,1427,15,3.2,0,0,0.65,1.21,0.12,1.32,6,3,293,123,7.76,43.9,2025-01-20,a,,,,,,2.5,2004-02-29
543,Diarra,Habib Diarra,SUN,MID,5.5,0.1,65,1403,15,3.2,2,6,3.27,0.85,0.26,1.38,5,3,209,79,5.07,53.9,2025-07-01,a,,,1,,,2.0,2004-01-03
268,King,Josh King,FUL,MID,5.5,0.1,63,1290,15,2.0,1,3,2.47,0.66,0.22,1.32,5,3,225,107,7.47,73.3,2024-02-02,a,,,,,,2.0,2007-01-03
357,Frimpong,Jeremie Frimpong,LIV,DEF,5.5,3.0,63,1032,12,3.0,0,5,0.5,1.55,0.18,1.13,5,1,237,30,2.62,56.5,2025-06-01,a,,,,,,2.5,2000-12-10
405,N.Gonzalez,Nico González Iglesias,MCI,MID,5.5,0.1,63,1561,17,2.5,1,0,0.68,1.12,0.1,1.17,7,1,337,206,11.88,61.5,2025-02-03,a,,,,,,2.0,2002-01-03
392,Aït-Nouri,Rayan Aït-Nouri,MCI,DEF,5.5,1.0,60,971,12,3.5,0,2,0.53,2.01,0.24,1.14,5,9,237,67,6.21,50.2,2025-06-09,a,,,,,,2.5,2001-06-06
430,Mount,Mason Mount,MUN,MID,5.5,0.1,58,1010,12,2.5,3,0,1.56,1.62,0.28,1.11,5,3,201,102,9.09,58.0,2023-07-05,a,,,,,3,2.0,1999-01-10
241,McNeil,Dwight McNeil,EVE,MID,5.5,0.1,53,1161,14,2.4,0,3,1.37,1.91,0.26,1.46,6,1,186,111,8.6,52.2,2022-07-28,a,,,,6,2,2.0,1999-11-22
483,Ndoye,Dan Ndoye,NFO,MID,5.5,0.5,50,1167,14,2.1,1,2,1.05,1.51,0.2,1.23,2,4,178,96,7.4,56.6,2025-07-31,a,,,,,,2.0,2000-10-25
263,Kevin,Kevin Santos Lopes de Macedo,FUL,MID,5.5,0.1,49,1030,9,1.9,1,3,1.21,1.47,0.24,1.27,4,0,183,86,7.51,70.4,2025-09-01,a,,,,6,,2.0,2003-01-04
520,Bergvall,Lucas Bergvall,TOT,MID,5.5,0.2,49,955,11,2.1,1,3,1.23,0.43,0.16,1.29,3,0,163,79,7.45,41.5,2024-07-01,a,,,,,,2.0,2006-02-02
517,Odobert,Wilson Odobert,TOT,MID,5.5,0.0,46,972,10,1.9,0,2,1.92,1.21,0.29,1.32,2,6,176,77,7.13,67.6,2024-08-16,i,Knee injury - Unknown return date,0,,,,0.0,2004-11-28
10,White,Benjamin White,ARS,DEF,5.5,0.3,45,699,9,3.8,0,1,0.45,0.69,0.15,1.12,5,3,181,53,6.82,34.3,2021-07-30,a,,100,,,,2.5,1997-10-08
167,Delap,Liam Delap,CHE,FWD,5.5,0.5,45,1092,12,1.6,1,2,4.54,0.23,0.39,1.37,2,1,123,42,3.46,47.3,2025-06-04,a,,,4,,,1.8,2003-02-08
42,Guessand,Evann Guessand,AVL,MID,5.5,0.0,44,909,9,2.1,1,3,1.56,0.85,0.23,1.43,2,0,143,83,8.22,42.0,2025-08-08,a,,,,,,2.0,2001-07-01
519,Gallagher,Conor Gallagher,TOT,MID,5.5,0.2,44,1183,14,2.8,1,1,1.23,0.7,0.14,1.45,2,3,211,124,9.43,55.1,2026-01-14,a,,,,,,2.0,2000-02-06
492,Awoniyi,Taiwo Awoniyi,NFO,FWD,5.5,0.4,43,480,3,2.5,4,2,3.68,0.77,0.83,1.94,1,4,170,26,4.88,48.4,2022-06-25,a,,,,,,1.8,1997-08-12
264,Bobb,Oscar Bobb,FUL,MID,5.5,0.4,42,1030,11,1.8,0,2,1.47,2.1,0.31,1.11,4,0,182,76,6.64,66.4,2026-01-30,a,,,,,,2.0,2003-07-12
440,Zirkzee,Joshua Zirkzee,MUN,FWD,5.5,0.7,42,607,5,1.8,2,1,2.74,0.34,0.46,1.4,2,6,146,44,6.52,58.3,2024-07-17,a,,,,,,1.8,2001-05-22
11,Mosquera,Cristhian Mosquera,ARS,DEF,5.5,16.6,40,986,9,2.0,0,0,0.1,0.63,0.07,0.83,3,1,195,95,8.67,32.9,2025-07-24,a,,,,,,2.5,2004-06-27
370,Chiesa,Federico Chiesa,LIV,MID,5.5,0.2,37,317,1,1.4,2,1,1.45,0.61,0.58,1.85,0,0,135,30,8.52,34.9,2024-08-29,a,,,,,,2.0,1997-10-25
271,Muniz,Rodrigo Muniz Carvalho,FUL,FWD,5.5,0.7,36,987,10,1.7,1,1,3.3,0.15,0.31,1.26,3,3,94,52,4.74,47.3,2021-08-20,a,,,,,,1.8,2001-05-04
138,Kostoulas,Charalampos Kostoulas,BHA,FWD,5.5,0.3,35,351,2,1.7,2,1,2.12,0.54,0.68,1.55,1,3,140,41,10.51,52.4,2025-07-01,a,,,,,,1.8,2007-05-30
230,Branthwaite,Jarrad Branthwaite,EVE,DEF,5.5,1.9,32,678,7,3.2,1,1,0.34,0.11,0.06,1.25,1,0,108,67,8.89,29.3,2020-06-20,a,,,,,,2.5,2002-06-27
7,Lewis-Skelly,Myles Lewis-Skelly,ARS,MID,5.5,0.3,29,697,5,1.4,0,0,0.1,0.2,0.04,1.16,2,0,110,25,3.23,17.6,2022-12-04,a,,,,,,2.0,2006-09-26
80,Enes Ünal,Enes Ünal,BOU,FWD,5.5,0.2,27,214,0,1.2,1,0,2.0,0.07,0.87,2.59,0,1,83,23,9.67,19.1,2024-07-01,a,,,,,5,1.8,1997-05-10
485,Bakwa,Dilane Bakwa,NFO,MID,5.5,0.0,26,549,6,1.9,0,2,0.54,1.01,0.26,1.79,2,1,100,35,5.74,35.6,2025-09-01,a,,,,6,,2.0,2002-08-26
56,Abraham,Tammy Abraham,AVL,FWD,5.5,0.0,23,278,2,1.9,2,0,2.05,0.36,0.78,1.66,0,2,93,13,4.21,27.1,2026-01-27,i,Shoulder injury - Expected back 23 Aug,0,,,,0.0,1997-10-02
224,Nketiah,Eddie Nketiah,CRY,FWD,5.5,0.5,23,414,2,1.9,2,0,1.77,0.46,0.48,2.06,0,3,100,38,8.26,37.8,2024-08-30,a,,,,,,1.8,1999-05-30
44,Bailey,Leon Bailey,AVL,MID,5.5,0.1,21,450,3,1.6,0,2,0.5,1.46,0.39,1.41,0,0,69,48,9.6,30.1,2021-08-04,a,,,,,,2.0,1997-08-09
245,Dibling,Tyler Dibling,EVE,MID,5.5,0.1,18,349,4,1.3,0,0,0.2,0.14,0.09,1.71,2,0,49,40,10.32,13.6,2025-08-25,a,,,,,,2.0,2006-02-17
486,McAtee,James McAtee,NFO,MID,5.5,0.1,17,288,2,1.2,0,1,0.18,0.37,0.18,2.29,0,0,60,32,10.0,17.3,2025-08-16,a,,,,,,2.0,2002-10-18
20,Dowman,Max Dowman,ARS,MID,5.5,0.2,16,152,1,2.7,1,1,1.19,0.3,0.88,0.52,1,0,51,16,9.47,16.6,,a,,,,,,2.0,
126,O'Riley,Matt O'Riley,BHA,MID,5.5,0.1,16,202,2,2.7,1,0,1.21,0.18,0.62,1.13,1,2,48,10,4.46,19.6,2024-08-26,a,,,2,,,2.0,2000-11-21
137,Tzimas,Stefanos Tzimas,BHA,FWD,5.5,0.0,16,132,1,1.8,1,1,0.44,0.11,0.38,1.77,0,0,55,15,10.23,17.7,2025-02-03,d,Knee injury - 75% chance of playing,75,,,,1.3,2006-01-06
242,George,Tyrique George,EVE,MID,5.5,0.1,16,351,1,1.1,0,0,0.64,1.19,0.47,1.66,1,0,55,23,5.9,23.9,2026-07-06,a,,,,,,2.0,2006-02-04
24,Nelson,Reiss Nelson,ARS,MID,5.5,0.0,13,118,0,1.3,0,1,0.71,0.11,0.62,2.3,0,0,39,23,17.54,10.0,2017-07-12,a,,,,,,2.0,1999-12-10
406,Kovačić,Mateo Kovačić,MCI,MID,5.5,0.0,9,125,1,1.5,0,1,0.13,0.42,0.39,2.88,0,0,41,18,12.96,11.5,2023-06-27,a,,,,,,2.0,1994-05-06
493,Kalimuendo,Arnaud Kalimuendo,NFO,FWD,5.5,0.1,9,89,0,1.0,0,0,0.44,0.02,0.46,1.59,0,0,24,6,6.07,6.3,2025-08-18,a,,,,,,1.8,2002-01-20
22,Nwaneri,Ethan Nwaneri,ARS,MID,5.5,0.0,8,165,0,1.3,0,0,0.23,0.08,0.17,0.4,1,0,20,13,7.09,5.4,2022-09-17,a,,,,,,2.0,2007-03-21
383,Elliott,Harvey Elliott,LIV,MID,5.5,0.1,5,110,1,1.0,0,0,0.29,0.08,0.31,1.42,0,0,17,6,4.91,7.4,2019-07-28,a,,,,,,2.0,2003-04-04
23,Fábio Vieira,Fábio Ferreira Vieira,ARS,MID,5.5,0.0,0,0,0,0.0,0,0,0.0,0.0,0,0,0,0,0,0,0,0.0,2022-06-21,a,,,,,,2.0,2000-05-30
108,Wilson,Callum Wilson,BRE,FWD,5.5,0.4,0,0,0,0.0,0,0,0.0,0.0,0,0,0,0,0,41,0,0.0,2026-07-09,a,,,,,,1.8,1992-02-27
565,Sangaré,Mamadou Sangaré,BRE,MID,5.5,1.0,0,0,0,0.0,0,0,0.0,0.0,0,0,0,0,0,0,0,0.0,2026-08-01,a,,,,,,2.0,2002-06-26
152,Palestra,Marco Palestra,CHE,DEF,5.5,1.5,0,0,0,0.0,0,0,0.0,0.0,0,0,0,0,0,0,0,0.0,2026-07-01,a,,,,,,2.5,2005-03-03
164,Quenda,Geovany Quenda,CHE,MID,5.5,0.0,0,0,0,0.0,0,0,0.0,0.0,0,0,0,0,0,0,0,0.0,2026-06-15,a,,100,,,,2.0,2007-04-30
568,Barco,Valentín Barco,CHE,MID,5.5,0.0,0,0,0,0.0,0,0,0.0,0.0,0,0,0,0,0,0,0,0.0,2026-08-02,a,,,,,,2.0,2004-07-23
186,Mason-Clark,Ephron Mason-Clark,COV,MID,5.5,0.3,0,0,0,0.0,0,0,0.0,0.0,0,0,0,0,0,0,0,0.0,2024-02-01,a,,,,,,2.0,1999-08-25
188,Torp,Victor Torp,COV,MID,5.5,0.2,0,0,0,0.0,0,0,0.0,0.0,0,0,0,0,0,0,0,0.0,2024-01-11,a,,,2,6,2,2.0,1999-07-30
190,Tchaouna,Loum Tchaouna,COV,MID,5.5,0.1,0,0,0,0.0,0,0,0.0,0.0,0,0,0,0,0,69,0,0.0,2026-07-11,a,,,,,,2.0,2003-09-08
193,Wright,Haji Wright,COV,FWD,5.5,1.8,0,0,0,0.0,0,0,0.0,0.0,0,0,0,0,0,0,0,0.0,2023-08-04,a,,,1,,,1.8,1998-03-27
247,Hackney,Hayden Hackney,EVE,MID,5.5,0.3,0,0,0,0.0,0,0,0.0,0.0,0,0,0,0,0,0,0,0.0,2026-07-02,a,,,,,,2.0,2002-06-26
570,Palacios,César Palacios,FUL,MID,5.5,0.0,0,0,0,0.0,0,0,0.0,0.0,0,0,0,0,0,0,0,0.0,2026-08-03,a,,,,,,2.0,2004-11-11
295,McBurnie,Oli McBurnie,HUL,FWD,5.5,1.8,0,0,0,0.0,0,0,0.0,0.0,0,0,0,0,0,0,0,0.0,2025-08-06,a,,,2,,,1.8,1996-06-04
313,Clarke,Jack Clarke,IPS,MID,5.5,0.3,0,0,0,0.0,0,0,0.0,0.0,0,0,0,0,0,0,0,0.0,2024-08-24,a,,,2,8,3,2.0,2000-11-23
315,Fatawu,Abdul Fatawu,IPS,MID,5.5,0.3,0,0,0,0.0,0,0,0.0,0.0,0,0,0,0,0,0,0,0.0,2026-07-21,a,,,,,,2.0,2004-03-08
316,Emersonn,Emersonn Correia da Silva,IPS,FWD,5.5,0.3,0,0,0,0.0,0,0,0.0,0.0,0,0,0,0,0,0,0,0.0,2026-07-08,a,,,,,,1.8,2004-07-16
318,Philogene,Jaden Philogene,IPS,MID,5.5,0.2,0,0,0,0.0,0,0,0.0,0.0,0,0,0,0,0,0,0,0.0,2025-01-15,a,,,3,5,,2.0,2002-02-08
562,Maeda,Daizen Maeda,IPS,MID,5.5,0.4,0,0,0,0.0,0,0,0.0,0.0,0,0,0,0,0,0,0,0.0,2026-07-25,a,,,,,,2.0,1997-10-20
112,Van Hecke,Jan Paul van Hecke,TOT,DEF,5.0,8.3,148,3210,36,4.1,3,3,3.31,1.57,0.13,1.3,10,8,575,317,8.89,152.0,2026-06-18,a,,,,,,2.2,2000-06-08
82,Kelleher,Caoimhín Kelleher,BRE,GKP,5.0,5.6,143,3330,37,3.9,0,0,0.0,0.22,0.01,1.45,10,11,570,0,0.0,93.8,2025-06-03,a,,,,,,2.6,1998-11-23
529,Roefs,Robin Roefs,SUN,GKP,5.0,5.2,136,3150,35,3.9,0,0,0.0,0.1,0.0,1.43,10,12,573,0,0.0,93.1,2025-08-01,a,,,,,,2.6,2003-01-17
198,Henderson,Dean Henderson,CRY,GKP,5.0,3.1,131,3330,37,3.5,0,0,0.0,0.11,0.0,1.39,11,7,538,0,0.0,84.7,2023-08-31,a,,,,,,2.6,1997-03-12
231,Keane,Michael Keane,EVE,DEF,5.0,1.5,131,2588,29,4.0,3,1,2.3,0.49,0.1,1.55,7,8,404,302,10.5,111.7,2017-07-03,a,,,,,,2.2,1993-01-11
202,Richards,Chris Richards,CRY,DEF,5.0,0.8,128,2825,31,3.9,1,0,2.42,1.56,0.13,1.31,11,5,453,311,9.91,107.6,2022-07-27,a,,,,,,2.2,2000-03-28
469,N.Williams,Neco Williams,NFO,DEF,5.0,13.0,128,3203,36,3.5,2,3,2.01,3.97,0.17,1.44,9,15,531,247,6.94,175.6,2022-07-11,a,,,,5,3,2.2,2001-04-13
445,Thiaw,Malick Thiaw,NEW,DEF,5.0,2.0,126,2963,33,3.6,4,0,4.8,0.96,0.18,1.49,5,12,436,292,8.87,138.9,2025-08-12,a,,,,,,2.2,2001-08-08
535,Alderete,Omar Alderete,SUN,DEF,5.0,1.2,125,2797,32,3.8,1,1,1.62,0.91,0.08,1.43,10,5,400,312,10.04,117.0,2025-08-12,a,,,,,,2.2,1996-12-26
253,Andersen,Joachim Andersen,FUL,DEF,5.0,0.1,123,2882,33,3.7,0,1,1.43,1.83,0.1,1.4,8,8,424,329,10.27,107.0,2024-08-23,s,Suspended until 30 Aug,0,,,,0.0,1996-05-31
28,Martinez,Emiliano Martínez Romero,AVL,GKP,5.0,4.7,120,2835,32,3.8,0,1,0.0,0.08,0.0,1.36,7,11,530,0,0.0,79.2,2020-09-16,a,,,,,,2.6,1992-09-02
232,O'Brien,Jake O'Brien,EVE,DEF,5.0,0.5,116,3118,35,3.1,1,3,1.67,1.0,0.08,1.54,10,2,368,231,6.67,107.5,2024-07-30,a,,,,,,2.2,2001-05-15
503,Van de Ven,Micky van de Ven,TOT,DEF,5.0,6.5,116,3041,35,3.3,4,1,2.82,0.38,0.09,1.27,9,10,431,212,6.27,99.6,2023-08-08,a,,,,,,2.2,2001-04-19
532,Ballard,Daniel Ballard,SUN,DEF,5.0,3.6,116,2144,24,4.0,2,2,2.46,0.63,0.13,1.39,6,9,340,264,11.08,121.5,2022-07-01,a,,,,,,2.2,1999-09-22
85,Van den Berg,Sepp van den Berg,BRE,DEF,5.0,0.7,113,2761,30,3.5,0,3,3.36,1.45,0.16,1.36,8,3,435,272,8.87,106.3,2024-08-22,a,,,,,,2.2,2001-12-20
140,Sánchez,Robert Lynch Sánchez,CHE,GKP,5.0,1.9,113,3040,35,3.2,0,1,0.0,0.04,0.0,1.44,9,7,509,0,0.0,86.7,2023-08-05,a,,,,,,2.6,1997-11-18
417,Dalot,Diogo Dalot Teixeira,MUN,DEF,5.0,3.0,111,2609,29,3.3,1,6,1.93,2.57,0.16,1.26,7,9,414,180,6.21,119.6,2018-06-08,a,,,,,,2.2,1999-03-18
412,Lammens,Senne Lammens,MUN,GKP,5.0,20.4,109,2880,32,3.4,0,0,0.0,0.0,0.0,1.23,8,11,413,0,0.0,63.7,2025-09-01,a,,,,,,2.6,2002-07-07
328,Struijk,Pascal Struijk,BHA,DEF,5.0,0.5,108,2935,33,3.2,0,1,3.06,0.76,0.11,1.32,7,4,412,297,9.11,113.1,2026-06-30,a,,,,,,2.2,1999-08-11
467,Sels,Matz Sels,NFO,GKP,5.0,1.4,105,2667,30,3.4,0,0,0.0,0.06,0.0,1.52,7,3,431,0,0.0,74.0,2024-02-01,a,,,,,,2.6,1992-02-26
102,Yarmoliuk,Yehor Yarmoliuk,BRE,MID,5.0,1.5,104,2652,30,2.8,1,3,1.22,1.39,0.09,1.37,8,1,448,338,11.47,83.4,2022-10-28,a,,,,,,1.5,2004-03-01
327,Bijol,Jaka Bijol,LEE,DEF,5.0,0.3,99,1888,21,4.0,1,3,0.9,0.75,0.08,1.5,5,6,323,219,10.44,86.0,2025-06-23,a,,,,,,2.2,1999-02-05
127,Gomez,Diego Gómez Amarilla,BHA,MID,5.0,1.8,97,2117,26,3.0,5,1,6.24,1.72,0.34,1.25,8,9,361,238,10.12,119.0,2025-01-01,a,,,,,4,1.5,2003-03-27
144,Gusto,Malo Gusto,CHE,DEF,5.0,1.1,96,2255,26,2.8,2,3,1.56,2.97,0.18,1.48,7,7,406,126,5.03,109.8,2023-01-28,a,,,,,,2.2,2003-05-19
442,Pope,Nick Pope,NEW,GKP,5.0,1.1,96,2416,27,3.6,0,1,0.16,0.0,0.01,1.23,7,3,414,0,0.0,70.7,2022-06-23,a,,,,,,2.6,1992-04-19
130,Wieffer,Mats Wieffer,BHA,DEF,5.0,0.3,94,1901,23,3.6,2,4,1.92,1.86,0.18,1.13,6,6,398,269,12.74,97.7,2024-07-06,a,,,,,,2.2,1999-11-16
448,Burn,Dan Burn,NEW,DEF,5.0,2.7,93,2195,25,3.2,1,3,1.08,0.36,0.05,1.24,6,5,286,225,9.23,82.1,2022-01-31,a,,,,,,2.2,1992-05-09
265,Berge,Sander Berge,FUL,MID,5.0,0.4,91,2904,34,2.6,0,3,1.54,1.5,0.1,1.34,8,3,503,280,8.68,91.0,2024-08-22,a,,,,,,1.5,1998-02-14
500,Romero,Cristian Romero,TOT,DEF,5.0,1.1,91,1869,22,4.0,4,1,1.39,1.25,0.13,1.36,5,10,305,197,9.49,93.2,2022-08-30,a,,,,,,2.2,1998-04-27
418,Maguire,Harry Maguire,MUN,DEF,5.0,8.3,90,1649,19,3.9,1,2,1.12,0.5,0.09,1.25,7,5,315,151,8.24,63.0,2019-08-05,a,,,,,,2.2,1993-03-05
447,Botman,Sven Botman,NEW,DEF,5.0,0.4,89,1834,21,3.6,1,1,1.73,0.86,0.12,1.35,5,6,332,216,10.6,87.4,2022-06-28,a,,,,,,2.2,2000-01-12
488,Sangaré,Ibrahim Sangaré,NFO,MID,5.0,0.5,89,2073,25,3.2,2,2,1.16,1.8,0.13,1.44,8,2,366,267,11.59,76.8,2023-09-01,a,,,,,,1.5,1997-12-02
545,Sadiki,Noah Sadiki,SUN,MID,5.0,0.4,80,2891,33,2.4,0,2,1.43,1.46,0.09,1.29,9,0,410,248,7.72,84.6,2025-07-04,a,,,,,,1.5,2004-12-17
449,Hall,Lewis Hall,NEW,DEF,5.0,4.1,79,2176,24,2.6,1,2,1.01,2.78,0.15,1.56,4,4,347,173,7.16,118.0,2024-07-01,a,,,,5,1,2.2,2004-09-08
73,Adams,Tyler Adams,BOU,MID,5.0,0.7,77,1769,21,3.1,2,2,0.63,0.63,0.06,1.38,7,3,346,232,11.8,66.3,2023-08-20,a,,,,,,1.5,1999-02-14
48,Onana,Amadou Onana,AVL,MID,5.0,0.0,76,1755,21,3.0,2,0,1.68,0.69,0.13,1.46,6,4,353,219,11.23,74.4,2024-07-22,i,Knee injury - Unknown return date,0,,,,0.0,2001-08-16
101,Henderson,Jordan Henderson,CHE,MID,5.0,0.0,76,1911,22,2.4,1,3,0.33,2.31,0.13,1.33,6,5,343,183,8.62,74.4,2026-08-03,u,has departed the club as a free agent.,0,,,,0.0,1990-06-17
98,Janelt,Vitaly Janelt,BRE,MID,5.0,0.1,74,1434,15,3.0,1,4,0.82,2.27,0.19,1.67,5,6,334,183,11.49,79.0,2020-10-03,a,,,,7,,1.5,1998-05-10
203,Canvot,Jaydee Canvot,CRY,DEF,5.0,0.6,72,1331,14,3.6,0,0,1.48,0.33,0.12,1.61,5,9,216,169,11.43,48.1,2025-09-01,a,,,,,,2.2,2006-07-29
518,P.M.Sarr,Pape Matar Sarr,TOT,MID,5.0,0.4,71,1388,13,2.7,2,4,1.63,1.11,0.18,1.73,3,2,313,183,11.87,68.2,2021-08-27,a,,,,,,1.5,2002-09-14
213,Lerma,Jefferson Lerma Solís,CRY,MID,5.0,0.1,69,1722,18,2.2,0,5,1.84,1.48,0.18,1.31,7,3,296,220,11.5,72.5,2023-07-01,a,,,,,,1.5,1994-10-25
240,Iroegbunam,Tim Iroegbunam,EVE,MID,5.0,0.1,68,1477,17,2.3,0,3,0.54,0.71,0.07,1.5,8,1,225,189,11.52,45.9,2024-06-22,a,,,,,,1.5,2003-06-30
77,Adli,Amine Adli,BOU,MID,5.0,0.2,67,1074,10,2.2,3,2,2.6,1.62,0.36,1.53,3,4,241,123,10.31,76.1,2025-08-21,a,,,,,,1.5,2000-05-10
214,Kamada,Daichi Kamada,CRY,MID,5.0,0.3,67,1899,22,2.4,0,2,1.64,3.24,0.23,1.23,6,0,331,208,9.86,74.5,2024-07-01,a,,,,8,,1.5,1996-08-05
267,Lukić,Saša Lukić,FUL,MID,5.0,0.1,67,1730,20,2.6,1,4,2.23,1.91,0.22,1.44,6,4,314,183,9.52,93.4,2023-01-31,a,,,,5,2,1.5,1996-08-13
345,Tanaka,Tanaka Ao,LEE,MID,5.0,0.3,67,1307,14,2.4,2,1,1.44,1.39,0.2,1.48,3,4,288,147,10.12,63.6,2024-08-30,a,,,,6,,1.5,1998-09-10
145,Fofana,Wesley Fofana,CHE,DEF,5.0,0.0,65,1718,20,2.6,0,2,0.72,0.6,0.07,1.35,4,3,288,206,10.79,60.4,2022-08-31,s,Suspended until 6 Sep,0,,,,0.0,2000-12-17
501,Danso,Kevin Danso,TOT,DEF,5.0,0.2,63,1489,17,2.6,0,0,0.62,0.28,0.06,1.22,4,1,219,192,11.61,55.5,2025-07-01,a,,,,,,2.2,1998-09-19
456,J.Ramsey,Jacob Ramsey,NEW,MID,5.0,0.5,62,1441,15,2.2,2,3,1.2,1.45,0.16,1.7,1,3,303,149,9.31,79.9,2025-08-17,a,,,,,,1.5,2001-05-28
47,Kamara,Boubacar Kamara,AVL,MID,5.0,0.1,61,1410,17,3.4,1,3,0.53,0.84,0.08,1.33,5,7,282,149,9.51,64.2,2022-06-11,a,,100,,,,1.5,1999-11-23
522,Gray,Archie Gray,TOT,MID,5.0,0.2,61,1471,18,2.5,2,2,1.5,1.29,0.17,1.52,5,6,237,132,8.08,55.5,2024-07-02,a,,,,,,1.5,2006-03-12
74,Brooks,David Brooks,BOU,MID,5.0,0.2,59,1188,13,1.9,1,3,5.81,3.4,0.7,1.53,5,4,215,94,7.12,104.1,2018-07-01,a,,,,9,3,1.5,1997-07-08
450,Livramento,Tino Livramento,NEW,DEF,5.0,0.1,59,1326,14,3.5,0,1,0.13,0.89,0.07,1.26,6,3,252,68,4.62,46.1,2023-08-08,d,Calf injury - 75% chance of playing,75,,,,1.6,2002-11-12
46,Barkley,Ross Barkley,AVL,MID,5.0,0.2,56,844,7,2.7,3,2,1.58,1.26,0.3,1.41,1,5,221,74,7.89,58.1,2024-07-01,a,,,,,,1.5,1993-12-05
131,Baleba,Carlos Baleba,BHA,MID,5.0,0.6,56,1646,23,1.8,0,0,0.78,0.72,0.08,1.12,7,0,231,209,11.43,36.8,2023-08-29,a,,,,,,1.5,2004-01-03
339,Longstaff,Sean Longstaff,LEE,MID,5.0,0.2,56,1003,10,2.4,2,2,1.23,1.87,0.28,1.42,1,5,273,110,9.87,81.2,2025-07-18,a,,,,5,2,1.5,1997-10-30
344,Gruev,Ilia Gruev,LEE,MID,5.0,0.0,56,1318,15,2.4,0,4,0.49,0.86,0.09,1.73,5,3,245,114,7.78,43.2,2023-08-31,a,,,,,,1.5,2000-05-06
420,Yoro,Leny Yoro,MUN,DEF,5.0,0.7,56,1730,18,1.8,0,1,1.34,0.59,0.1,1.4,2,1,191,156,8.12,53.2,2024-07-19,a,,,,,,2.2,2005-11-13
470,Morato,Felipe Rodrigues da Silva,NFO,DEF,5.0,0.1,53,1340,14,2.5,1,0,1.32,0.15,0.1,1.63,2,1,190,144,9.67,50.5,2024-08-30,a,,,,,,2.2,2001-06-30
419,Martinez,Lisandro Martínez,MUN,DEF,5.0,0.6,51,1229,13,2.8,0,0,0.15,0.6,0.05,1.11,5,3,241,105,7.69,42.0,2022-07-17,d,Thigh injury - 75% chance of playing,75,,,,1.6,1998-01-18
446,Schär,Fabian Schär,NEW,DEF,5.0,0.2,51,1089,11,3.2,0,0,0.97,0.6,0.13,1.14,4,0,186,115,9.5,46.4,2018-07-26,a,,100,,,3,2.2,1991-12-20
487,Dominguez,Nicolás Domínguez,NFO,MID,5.0,0.1,48,1168,17,1.8,1,1,1.47,0.77,0.17,1.79,3,3,229,143,11.02,59.7,2023-09-01,a,,,,,,1.5,1998-06-28
75,Christie,Ryan Christie,BOU,MID,5.0,0.0,47,978,9,1.8,2,1,1.81,0.79,0.24,1.76,3,2,214,123,11.32,64.7,2021-08-31,s,Suspended until 29 Aug,0,,10,,0.0,1995-02-22
162,Andrey Santos,Andrey Nascimento dos Santos,MUN,MID,5.0,1.4,47,1247,13,1.7,1,0,2.0,0.88,0.2,1.36,1,3,257,129,9.31,47.5,2026-07-13,a,,,,,,1.5,2004-05-03
62,Diakité,Bafodé Diakité,BOU,DEF,5.0,0.2,46,1275,15,2.6,0,0,0.02,0.19,0.01,1.59,4,2,164,117,8.26,34.4,2025-08-13,a,,,,,,2.2,2001-01-06
416,De Ligt,Matthijs de Ligt,MUN,DEF,5.0,0.0,43,1170,13,3.3,1,0,1.38,0.83,0.17,1.44,1,5,169,107,8.23,45.7,2024-08-13,i,Back injury - Unknown return date,0,,,,0.0,1999-08-12
360,Bradley,Conor Bradley,LIV,DEF,5.0,0.0,42,928,12,2.8,0,2,0.18,0.84,0.1,1.04,4,2,157,65,6.3,32.3,2023-09-25,i,Knee injury - Unknown return date,0,,,,0.0,2003-07-09
266,Cairney,Tom Cairney,FUL,MID,5.0,0.0,41,756,6,1.7,2,0,1.21,0.81,0.24,1.39,2,1,181,61,7.26,41.4,2015-07-07,a,,,,,,1.5,1991-01-20
35,Bogarde,Lamare Bogarde,AVL,MID,5.0,0.1,40,1042,11,1.4,0,0,0.0,0.2,0.02,1.33,2,4,121,60,5.18,20.6,2021-01-07,a,,,,,,1.5,2004-01-05
71,Cook,Lewis Cook,BOU,MID,5.0,0.1,40,872,8,2.2,0,1,0.07,0.52,0.06,1.44,1,0,190,143,14.76,40.6,2016-07-08,a,,,,8,,1.5,1997-02-03
433,Ugarte,Manuel Ugarte Ribeiro,MUN,MID,5.0,0.0,38,876,8,1.7,0,0,0.72,0.16,0.09,1.87,1,0,183,142,14.59,29.8,2024-08-30,i,Knee injury - Unknown return date,0,,,,0.0,2001-04-11
460,Willock,Joe Willock,NEW,MID,5.0,0.1,38,972,10,1.6,0,2,1.26,1.07,0.22,1.65,3,0,166,89,8.24,55.5,2021-08-13,a,,,,,,1.5,1999-08-20
215,Devenny,Justin Devenny,CRY,MID,5.0,0.0,36,785,7,1.7,1,0,2.38,0.39,0.31,1.69,1,0,108,72,8.25,38.4,2024-03-13,a,,,3,,3,1.5,2003-10-11
246,Röhl,Merlin Röhl,EVE,MID,5.0,0.1,36,675,6,2.2,1,1,0.67,0.35,0.14,1.77,2,2,98,68,9.07,26.3,2026-06-15,a,,,,,,1.5,2002-07-05
548,Rigg,Chris Rigg,SUN,MID,5.0,0.1,36,758,11,2.0,1,1,0.86,0.93,0.21,1.48,3,1,136,57,6.77,36.0,2022-12-31,a,,,,,,1.5,2007-06-18
351,Mamardashvili,Giorgi Mamardashvili,LIV,GKP,5.0,0.2,34,867,10,3.4,0,0,0.0,0.0,0.0,1.38,2,2,139,0,0.0,27.5,2024-08-27,a,,,,,,2.6,2000-09-29
546,Adingra,Simon Adingra,SUN,MID,5.0,0.3,34,649,9,2.4,1,1,0.35,0.62,0.14,1.57,4,3,81,45,6.24,27.0,2025-07-10,a,,,,,,1.5,2002-01-01
359,Gomez,Joe Gomez,LIV,DEF,5.0,0.1,33,594,7,1.6,0,2,0.28,0.64,0.14,1.41,2,2,94,46,6.97,23.2,2015-06-20,i,Muscular injury - Unknown return date,0,,,,0.0,1997-05-23
341,Gnonto,Wilfried Gnonto,LEE,MID,5.0,0.1,32,521,4,1.4,0,3,0.4,0.77,0.2,2.07,1,0,134,59,10.19,27.5,2022-09-01,a,,,,,,1.5,2003-11-05
243,Alcaraz,Carlos Alcaraz Durán,EVE,MID,5.0,0.1,29,679,6,1.4,0,1,1.17,0.54,0.23,1.8,3,0,121,70,9.28,41.8,2025-07-01,a,,,,,,1.5,2002-11-30
343,James,Daniel James,LEE,MID,5.0,0.1,23,547,6,1.2,0,0,0.91,0.71,0.27,2.37,1,0,93,35,5.76,33.9,2021-08-31,a,,,,,,1.5,1997-11-10
244,Armstrong,Harrison Armstrong,EVE,MID,5.0,0.1,21,524,6,1.6,0,0,0.79,0.22,0.18,1.88,1,0,84,50,8.59,21.0,2024-08-09,a,,,,,,1.5,2007-01-19
63,Milosavljević,Veljko Milosavljevic,BOU,DEF,5.0,0.1,19,367,4,2.7,0,0,0.15,0.19,0.09,1.08,1,0,63,39,9.56,12.2,2025-09-01,i,Unspecified injury - Unknown return date,0,,,,0.0,2007-06-28
225,Uche,Christantus Uche,CRY,FWD,5.0,0.0,17,159,0,1.2,0,1,0.49,0.01,0.29,2.62,0,0,42,13,7.36,8.8,,u,has returned to Getafe CF,0,,,,0.0,
348,Piroe,Joël Piroe,LEE,FWD,5.0,0.5,17,244,2,1.1,0,0,0.9,0.13,0.38,2.51,1,0,42,14,5.16,16.5,2023-08-24,a,,,3,,,1.4,1999-08-02
547,Mundle,Romaine Mundle,SUN,MID,5.0,0.0,14,399,2,1.0,0,0,0.87,0.48,0.31,1.93,0,0,42,33,7.44,12.7,2024-02-01,a,,,,,,1.5,2003-04-24
100,Carvalho,Fábio Freitas Gouveia Carvalho,BRE,MID,5.0,0.0,13,100,1,2.2,1,0,0.7,0.03,0.66,1.87,0,1,42,8,7.2,8.1,2024-08-12,d,Lack of match fitness - 25% chance of playing,25,,,,0.4,2002-08-30
161,Lavia,Roméo Lavia,CHE,MID,5.0,0.0,13,374,4,1.1,0,0,0.21,0.55,0.18,2.05,0,0,81,37,8.9,9.5,2023-08-18,a,,,,,,1.5,2004-01-06
168,Marc Guiu,Marc Guiu Paz,CHE,FWD,5.0,0.4,13,265,1,1.3,0,1,1.54,0.29,0.62,2.0,0,0,19,8,2.72,13.1,2024-07-01,a,,,,,,1.4,2006-01-04
385,Trafford,James Trafford,MCI,GKP,5.0,1.4,13,360,4,3.2,0,0,0.0,0.0,0.0,1.44,1,0,67,0,0.0,11.9,2025-07-29,a,,,,,,2.6,2002-10-10
551,Angulo,Nilson Angulo,SUN,MID,5.0,0.1,13,401,5,1.6,0,0,0.77,0.12,0.2,1.63,1,0,43,35,7.86,17.8,2026-02-02,a,,,,,,1.5,2003-06-19
104,Onyeka,Frank Onyeka,COV,MID,5.0,0.2,12,88,0,2.0,0,2,0.0,0.36,0.37,2.07,0,0,41,10,10.23,4.6,2026-07-01,a,,,,,,1.5,1998-01-01
342,Harrison,Jack Harrison,LEE,MID,5.0,0.0,12,262,1,1.1,0,0,0.28,0.23,0.18,1.31,0,0,51,24,8.24,11.5,2021-07-02,u,Has joined New England Revolution permanently,0,,,,0.0,1996-11-20
374,Endo,Endo Wataru,LIV,MID,5.0,0.0,12,170,1,1.5,0,1,0.04,0.05,0.05,2.18,1,0,49,23,12.18,8.0,2023-08-18,d,Ankle injury - 75% chance of playing,75,,,,1.1,1993-02-09
72,Gannon-Doak,Ben Gannon-Doak,BOU,MID,5.0,0.1,11,105,0,1.4,0,1,0.26,0.13,0.33,4.06,0,0,33,13,11.14,8.9,2025-08-18,a,,,,,,1.5,2005-11-11
141,Jörgensen,Filip Jörgensen,CHE,GKP,5.0,0.1,9,378,3,1.8,0,0,0.0,0.0,0.0,0.98,0,0,50,0,0.0,7.9,2024-07-30,a,,,,,,2.6,2002-04-16
76,Tóth.A,Alex Tóth,BOU,MID,5.0,0.0,8,135,2,0.9,0,0,0.11,0.33,0.29,3.27,0,0,32,17,11.33,9.6,2026-01-20,a,,,,,,1.5,2005-10-23
149,Colwill,Levi Samuels Colwill,CHE,DEF,5.0,1.8,8,225,2,2.7,0,0,0.0,0.12,0.05,1.34,0,0,30,25,10.0,8.0,2022-07-01,a,,,,,,2.2,2003-02-26
21,Nørgaard,Christian Nørgaard,ARS,MID,5.0,0.3,7,101,1,1.0,0,0,0.08,0.04,0.11,2.03,0,0,28,16,14.26,4.0,2025-07-10,a,,,,,,1.5,1994-03-10
375,Nyoni,Trey Nyoni,LIV,MID,5.0,0.1,6,21,0,1.0,0,0,0.37,0.02,1.68,3.64,0,0,11,5,21.43,2.1,2023-11-11,a,,,,,,1.5,2007-06-30
133,Watson,Tom Watson,BHA,MID,5.0,0.0,5,57,0,0.8,0,0,0.04,0.03,0.11,2.72,0,0,15,5,7.89,1.6,2025-06-01,u,Has joined Leicester City on loan for the rest of the season,0,,,,0.0,2006-04-08
394,Alleyne,Max Alleyne,MCI,DEF,5.0,0.0,5,135,2,2.5,0,0,0.26,0.06,0.21,1.03,0,0,27,11,7.33,7.5,2022-12-16,a,,,,,,2.2,2005-07-21
216,Esse,Romain Esse,CRY,MID,5.0,0.1,4,40,0,1.0,0,0,0.0,0.04,0.09,3.92,0,0,12,5,11.25,1.5,2025-01-18,a,,,,,,1.5,2005-05-13
52,Alysson,Alysson Edward Franco da Rocha dos Santos,AVL,MID,5.0,0.0,3,47,0,1.0,0,0,0.05,0.05,0.2,3.58,0,0,11,4,7.66,1.5,2026-01-01,a,,,,,,1.5,2006-05-05
128,Buonanotte,Facundo Buonanotte,BHA,MID,5.0,0.1,3,81,1,0.8,0,0,0.06,0.28,0.38,2.79,0,0,9,6,6.67,7.4,2023-01-01,a,,,,,,1.5,2004-12-23
434,J.Fletcher,Jack Fletcher,MUN,MID,5.0,0.0,3,107,0,1.0,0,0,0.03,0.02,0.05,1.56,0,0,10,11,9.25,4.8,2024-07-12,a,,,,,,1.5,2007-03-19
435,Lacey,Shea Lacey,MUN,MID,5.0,0.1,3,40,0,1.0,0,0,0.1,0.01,0.24,1.15,0,0,9,3,6.75,1.7,2025-05-26,a,,,,,,1.5,2007-04-14
2,Arrizabalaga,Kepa Arrizabalaga Revuelta,ARS,GKP,5.0,0.1,2,90,1,2.0,0,0,0.0,0.0,0.0,0.98,0,0,11,0,0.0,2.0,2025-07-01,a,,,,,,2.6,1994-10-03
103,Dasilva,Josh Dasilva,BRE,MID,5.0,0.0,2,2,0,1.0,0,0,0.08,0.0,3.6,2.25,0,0,5,1,45.0,1.6,2025-10-23,a,,,,,,1.5,1998-10-23
99,Milambo,Antoni Milambo,BRE,MID,5.0,0.0,1,45,1,1.0,0,0,0.0,0.01,0.02,2.98,0,0,5,4,8.0,0.6,2025-07-03,d,Knee injury - 75% chance of playing,75,,,,1.1,2005-04-03
550,Jocelin.T,Djiamgone Jocelin Ta Bi,SUN,MID,5.0,0.0,1,38,1,1.0,0,0,0.0,0.04,0.09,0.57,0,0,4,3,7.11,1.0,2026-01-16,a,,,,,,1.5,2005-02-09
3,Meslier,Illan Meslier,ARS,GKP,5.0,0.1,0,0,0,0.0,11,0,0.0,0.0,0,0,0,0,11,0,0,0.0,2026-07-09,a,,,,,,2.6,2000-03-02
49,Iling Jr,Samuel Iling-Junior,AVL,MID,5.0,0.0,0,0,0,0.0,0,0,0.0,0.0,0,0,0,0,0,0,0,0.0,2024-07-01,a,,,,,,1.5,2003-10-04
566,Silva,António João Pereira de Albuquerque Tavares da Silva,BOU,DEF,5.0,0.1,0,0,0,0.0,0,0,0.0,0.0,0,0,0,0,0,0,0,0.0,2026-08-01,a,,,,,,2.2,2003-10-30
120,Svoboda,Michael Svoboda,BHA,DEF,5.0,0.1,0,0,0,0.0,0,0,0.0,0.0,0,0,0,0,0,0,0,0.0,2026-07-02,a,,,,,,2.2,1998-10-15
135,Yohanna,Zadok Yohanna,BHA,MID,5.0,0.1,0,0,0,0.0,0,0,0.0,0.0,0,0,0,0,0,0,0,0.0,2026-06-15,a,,,,,,1.5,2007-06-29
139,Ferguson,Evan Ferguson,BHA,FWD,5.0,0.0,0,0,0,0.0,0,0,0.0,0.0,0,0,0,0,0,0,0,0.0,2021-08-23,i,Ankle injury - Expected back 10 Oct,0,,,,0.0,2004-10-19
504,Vuskovic,Luka Vušković,BHA,DEF,5.0,2.9,0,0,0,0.0,0,0,0.0,0.0,0,0,0,0,0,0,0,0.0,2026-07-14,a,,,,,,2.2,2007-02-24
170,Emegha,Emmanuel Emegha,CHE,FWD,5.0,0.2,0,0,0,0.0,0,0,0.0,0.0,0,0,0,0,0,0,0,0.0,2026-06-15,d,Hamstring injury - 75% chance of playing,75,,,,1.0,2003-02-03
183,Rudoni,Jack Rudoni,COV,MID,5.0,0.3,0,0,0,0.0,0,0,0.0,0.0,0,0,0,0,0,0,0,0.0,2024-06-20,d,Shoulder injury - 75% chance of playing,75,,5,1,1.1,2001-06-14
184,Grimes,Matt Grimes,COV,MID,5.0,0.2,0,0,0,0.0,0,0,0.0,0.0,0,0,0,0,0,0,0,0.0,2025-01-31,a,,,3,4,,1.5,1995-07-15
185,Sakamoto,Tatsuhiro Sakamoto,COV,MID,5.0,0.1,0,0,0,0.0,0,0,0.0,0.0,0,0,0,0,0,0,0,0.0,2023-07-10,a,,,,,,1.5,1996-10-22
187,Eccles,Josh Eccles,COV,MID,5.0,0.0,0,0,0,0.0,0,0,0.0,0.0,0,0,0,0,0,0,0,0.0,2018-07-01,a,,,,,,1.5,2000-04-06
194,Thomas-Asante,Brandon Thomas-Asante,COV,FWD,5.0,0.9,0,0,0,0.0,0,0,0.0,0.0,0,0,0,0,0,0,0,0.0,2024-08-01,a,,,4,,,1.4,1998-12-29
195,Simms,Ellis Simms,COV,FWD,5.0,0.6,0,0,0,0.0,0,0,0.0,0.0,0,0,0,0,0,0,0,0.0,2023-07-07,a,,,,,,1.4,2001-01-05
196,Markelo,Jahnoah Markelo,COV,FWD,5.0,0.1,0,0,0,0.0,0,0,0.0,0.0,0,0,0,0,0,0,0,0.0,2026-01-27,a,,,,,,1.4,2003-01-04
217,M.França,Matheus França de Oliveira,CRY,MID,5.0,0.0,0,0,0,0.0,0,0,0.0,0.0,0,0,0,0,0,0,0,0.0,2023-08-05,a,,,,,,1.5,2004-04-01
218,Doucouré,Cheick Doucouré,CRY,MID,5.0,0.1,0,0,0,0.0,0,0,0.0,0.0,0,0,0,0,0,0,0,0.0,2022-07-11,a,,,,,,1.5,2000-01-08
219,J.Rak-Sakyi,Jesurun Rak-Sakyi,CRY,MID,5.0,0.0,0,0,0,0.0,0,0,0.0,0.0,0,0,0,0,0,0,0,0.0,2021-04-09,a,,,,,,1.5,2002-10-05
227,Travers,Mark Travers,EVE,GKP,5.0,0.1,0,0,0,0.0,0,0,0.0,0.0,0,0,0,0,0,0,0,0.0,2025-07-15,a,,,,,,2.6,1999-05-18
286,Belloumi,Mohamed Belloumi,HUL,MID,5.0,0.6,0,0,0,0.0,0,0,0.0,0.0,0,0,0,0,0,0,0,0.0,2024-08-30,a,,,,5,2,1.5,2002-06-01
287,Millar,Liam Millar,HUL,MID,5.0,0.1,0,0,0,0.0,0,0,0.0,0.0,0,0,0,0,0,0,0,0.0,2024-08-09,a,,,,,,1.5,1999-09-27
292,Ömür,Abdülkadir Ömür,HUL,MID,5.0,0.0,0,0,0,0.0,0,0,0.0,0.0,0,0,0,0,0,0,0,0.0,2024-02-01,a,,,,,,1.5,1999-06-25
293,Kamara,Abu Kamara,HUL,MID,5.0,0.1,0,0,0,0.0,0,0,0.0,0.0,0,0,0,0,0,0,0,0.0,2024-08-30,a,,,,,,1.5,2003-07-21
296,Akintola,David Akintola,HUL,MID,5.0,0.0,0,0,0,0.0,0,0,0.0,0.0,0,0,0,0,0,0,0,0.0,2025-08-15,a,,,,,,1.5,1996-01-13
563,Morita,Hidemasa Morita,HUL,MID,5.0,0.1,0,0,0,0.0,0,0,0.0,0.0,0,0,0,0,0,0,0,0.0,2026-07-24,a,,,,,,1.5,1995-05-10
309,Núñez,Marcelino Núñez,IPS,MID,5.0,0.2,0,0,0,0.0,0,0,0.0,0.0,0,0,0,0,0,0,0,0.0,2025-08-29,a,,,,7,1,1.5,2000-03-01
310,Matusiwa,Azor Matusiwa,IPS,MID,5.0,0.0,0,0,0,0.0,0,0,0.0,0.0,0,0,0,0,0,0,0,0.0,2025-07-13,i,Muscular injury - Unknown return date,0,,,,0.0,1998-04-28
311,Burns,Wes Burns,IPS,MID,5.0,0.1,0,0,0,0.0,0,0,0.0,0.0,0,0,0,0,0,0,0,0.0,2021-06-09,a,,,,,,1.5,1994-11-23
314,Ogbene,Chiedozie Ogbene,IPS,MID,5.0,0.0,0,0,0,0.0,0,0,0.0,0.0,0,0,0,0,0,0,0,0.0,2024-08-28,a,,,,,,1.5,1997-05-01
317,Hirst,George Hirst,IPS,FWD,5.0,0.5,0,0,0,0.0,0,0,0.0,0.0,0,0,0,0,0,0,0,0.0,2023-07-13,a,,,1,,,1.4,1999-02-15
319,Szmodics,Sam Szmodics,IPS,MID,5.0,0.1,0,0,0,0.0,0,0,0.0,0.0,0,0,0,0,0,0,0,0.0,2024-08-16,a,,,,,,1.5,1995-09-24
320,Akpom,Chuba Akpom,IPS,FWD,5.0,0.5,0,0,0,0.0,0,0,0.0,0.0,0,0,0,0,0,0,0,0.0,2026-07-01,a,,,,,,1.4,1995-10-09
322,Al-Hamadi,Ali Al-Hamadi,IPS,FWD,5.0,0.2,0,0,0,0.0,0,0,0.0,0.0,0,0,0,0,0,0,0,0.0,2024-01-29,a,,,,,,1.4,2002-03-01
324,Mehmeti,Anis Mehmeti,IPS,MID,5.0,0.1,0,0,0,0.0,0,0,0.0,0.0,0,0,0,0,0,0,0,0.0,2026-01-23,a,,,,,,1.5,2001-01-09
571,Florentino,Florentino Ibrain Morris Luís,IPS,MID,5.0,0.0,0,0,0,0.0,0,0,0.0,0.0,0,0,0,0,0,0,0,0.0,2026-08-04,a,,,,,,1.5,1999-08-19
334,Muharemović,Tarik Muharemović,LEE,DEF,5.0,1.3,0,0,0,0.0,0,0,0.0,0.0,0,0,0,0,0,0,0,0.0,2026-07-17,a,,,,,,2.2,2003-02-28
340,Gelhardt,Joe Gelhardt,LEE,MID,5.0,0.0,0,0,0,0.0,0,0,0.0,0.0,0,0,0,0,0,0,0,0.0,2021-02-07,a,,,,,,1.5,2002-05-04
362,Jacquet,Jeremy Jacquet,LIV,DEF,5.0,1.9,0,0,0,0.0,0,0,0.0,0.0,0,0,0,0,0,0,0,0.0,2026-07-01,a,,100,,,,2.2,2005-07-13
364,Tsimikas,Kostas Tsimikas,LIV,DEF,5.0,0.1,0,0,0,0.0,0,0,0.0,0.0,0,0,0,0,0,0,0,0.0,2020-08-10,a,,,,,,2.2,1996-05-12
376,Bajcetic,Stefan Bajčetić Maquieira,LIV,MID,5.0,0.0,0,0,0,0.0,0,0,0.0,0.0,0,0,0,0,0,0,0,0.0,2022-07-11,i,Hamstring injury - Expected back 23 Aug,0,,,,0.0,2004-10-22
381,Koumas,Lewis Koumas,LIV,MID,5.0,0.0,0,0,0,0.0,0,0,0.0,0.0,0,0,0,0,0,0,0,0.0,2023-07-18,a,,,,,,1.5,
407,Echeverri,Claudio Echeverri,MCI,MID,5.0,0.0,0,0,0,0.0,0,0,0.0,0.0,0,0,0,0,0,0,0,0.0,2024-01-25,a,,,,,,1.5,2006-01-02
408,Phillips,Kalvin Phillips,MCI,MID,5.0,0.0,0,0,0,0.0,0,0,0.0,0.0,0,0,0,0,0,0,0,0.0,2022-07-04,a,,,,,,1.5,1995-12-02
410,Monga,Jeremy Monga,MCI,MID,5.0,0.0,0,0,0,0.0,0,0,0.0,0.0,0,0,0,0,0,0,0,0.0,2026-07-11,a,,,,,,1.5,2009-07-10
436,Collyer,Toby Collyer,MUN,MID,5.0,0.0,0,0,0,0.0,0,0,0.0,0.0,0,0,0,0,0,0,0,0.0,2023-07-01,a,,,,,,1.5,2004-01-03
462,Steur,Sean Steur,NEW,MID,5.0,0.1,0,0,0,0.0,0,0,0.0,0.0,0,0,0,0,0,0,0,0.0,2026-07-09,a,,,,,,1.5,2008-01-11
559,Bamba,Aladji Bamba,NEW,MID,5.0,0.1,0,0,0,0.0,0,0,0.0,0.0,0,0,0,0,0,0,0,0.0,2026-07-24,a,,,,,,1.5,2006-07-14
567,Horníček,Lukás Hornícek,NEW,GKP,5.0,0.2,0,0,0,0.0,0,0,0.0,0.0,0,0,0,0,0,0,0,0.0,2026-08-03,a,,,,,,2.6,2002-07-13
558,Schlager,Xaver Schlager,NFO,MID,5.0,0.1,0,0,0,0.0,0,0,0.0,0.0,0,0,0,0,0,0,0,0.0,2026-07-23,a,,,,,,1.5,1997-09-28
523,Moore,Mikey Moore,TOT,MID,5.0,0.1,0,0,0,0.0,0,0,0.0,0.0,0,0,0,0,0,0,0,0.0,2024-05-01,a,,,,,,1.5,2007-08-11
204,Mitchell,Tyrick Mitchell,CRY,DEF,4.5,7.0,135,3253,36,3.6,1,3,1.59,2.53,0.11,1.38,12,8,498,245,6.78,136.0,2019-12-15,a,,,,,,1.7,1999-09-01
109,Verbruggen,Bart Verbruggen,BHA,GKP,4.5,16.8,130,3420,38,3.4,0,0,0.0,0.06,0.0,1.29,10,6,616,0,0.0,94.7,2023-07-03,a,,,,,,1.9,2002-08-18
57,Petrović,Đorđe Petrović,BOU,GKP,4.5,3.7,124,3420,38,3.3,0,0,0.0,0.0,0.0,1.49,11,5,512,0,0.0,82.4,2025-07-16,a,,,,,,1.9,1999-10-08
250,Leno,Bernd Leno,FUL,GKP,4.5,3.2,122,3420,38,3.2,0,0,0.0,0.02,0.0,1.39,9,8,556,0,0.0,81.5,2022-08-02,a,,,,,,1.9,1992-03-04
113,F.Kadıoğlu,Ferdi Kadıoğlu,BHA,DEF,4.5,2.9,118,3130,34,3.2,1,2,2.06,3.31,0.16,1.28,10,7,514,170,4.89,123.7,2024-08-27,a,,,,7,,1.7,1999-10-07
32,Cash,Matty Cash,AVL,DEF,4.5,7.8,117,3016,34,3.3,3,3,1.14,2.94,0.12,1.36,8,7,450,186,5.55,137.5,2020-09-03,a,,,,5,,1.7,1997-08-07
88,Kayode,Michael Kayode,BRE,DEF,4.5,4.0,113,3258,37,3.1,1,2,1.28,2.89,0.12,1.45,10,9,494,219,6.05,121.7,2025-07-01,a,,,,,,1.7,2004-07-10
423,Shaw,Luke Shaw,MUN,DEF,4.5,24.7,113,3220,38,3.0,1,1,0.72,1.98,0.08,1.25,10,3,449,224,6.26,97.4,2014-07-01,a,,,,,,1.7,1995-07-12
534,Hume,Trai Hume,SUN,DEF,4.5,2.3,110,3032,34,2.9,2,1,2.27,2.05,0.13,1.4,9,6,383,203,6.03,120.9,2022-01-04,a,,,,5,,1.7,2002-03-18
329,Rodon,Joe Rodon,LEE,DEF,4.5,1.8,109,2952,33,3.1,2,0,1.4,0.56,0.06,1.48,6,5,373,274,8.35,109.1,2024-07-02,a,,,,,,1.7,1997-10-22
257,Bassey,Calvin Bassey,FUL,DEF,4.5,0.5,103,2532,28,3.4,1,1,1.71,0.35,0.07,1.35,7,9,392,205,7.29,84.5,2023-07-28,a,,,,,,1.7,1999-12-31
31,Konsa,Ezri Konsa Ngoyo,AVL,DEF,4.5,17.0,100,3035,34,2.9,0,1,1.27,0.59,0.06,1.45,9,3,497,196,5.81,84.0,2019-07-11,a,,,,,,1.7,1997-10-23
116,Dunk,Lewis Dunk,BHA,DEF,4.5,0.7,100,2837,31,3.0,1,1,1.83,0.56,0.08,1.33,7,5,443,231,7.33,98.7,2009-07-01,a,,,,,2,1.7,1991-11-21
30,Digne,Lucas Digne,AVL,DEF,4.5,1.4,97,1842,21,3.1,0,7,0.67,3.28,0.19,1.36,7,5,381,113,5.52,98.5,2022-01-13,a,,,,4,,1.7,1993-07-20
330,Bogle,Jayden Bogle,LEE,DEF,4.5,0.4,96,2795,32,2.8,1,5,2.08,3.11,0.17,1.29,6,1,311,178,5.73,100.3,2024-07-20,a,,,,,,1.7,2000-07-27
233,Mykolenko,Vitalii Mykolenko,EVE,DEF,4.5,1.3,95,2959,33,2.9,0,1,0.28,2.46,0.08,1.47,9,2,350,231,7.03,102.3,2022-01-01,a,,,,,,1.7,1999-05-29
269,Sessegnon,Ryan Sessegnon,FUL,DEF,4.5,0.4,95,1816,20,3.5,3,3,1.6,1.8,0.17,1.3,6,8,332,218,10.8,86.7,2024-07-26,a,,,,,,1.7,2000-05-18
332,Justin,James Justin,LEE,DEF,4.5,0.5,94,1893,21,3.2,2,1,1.83,1.16,0.15,1.57,6,9,338,183,8.7,88.3,2025-08-25,a,,,,,,1.7,1998-02-23
494,Vicario,Guglielmo Vicario,TOT,GKP,4.5,1.5,90,2790,31,2.9,0,0,0.0,0.04,0.0,1.49,7,6,412,0,0.0,72.2,2023-07-01,a,,,,,,1.9,1996-10-07
115,De Cuyper,Maxim De Cuyper,BHA,DEF,4.5,1.4,84,1404,17,2.8,2,3,1.66,4.08,0.37,1.54,5,9,318,64,4.1,99.9,2025-07-05,a,,,,,3,1.7,2000-12-22
256,Tete,Kenny Tete,FUL,DEF,4.5,0.2,81,1791,21,3.7,1,0,0.92,1.46,0.12,1.3,6,5,318,165,8.29,73.9,2020-09-10,a,,,,,,1.7,1995-10-09
505,Spence,Djed Spence,TOT,DEF,4.5,9.3,78,2049,23,2.6,0,0,0.9,1.77,0.12,1.38,9,3,271,116,5.1,70.5,2022-07-19,a,,,,,,1.7,2000-08-09
87,Ajer,Kristoffer Ajer,BRE,DEF,4.5,1.5,76,1805,20,2.8,0,2,0.69,0.73,0.07,1.57,5,1,211,192,9.57,62.7,2021-07-21,a,,,,,,1.7,1998-04-17
536,Reinildo,Reinildo Mandava,SUN,DEF,4.5,0.5,74,1966,23,3.0,0,2,0.13,0.62,0.04,1.22,6,6,281,164,7.51,54.7,2025-07-08,a,,,,,,1.7,1994-01-21
325,Darlow,Karl Darlow,MUN,GKP,4.5,0.1,71,1980,22,3.2,0,0,0.0,0.05,0.0,1.29,5,3,334,0,0.0,53.4,2026-06-14,d,Unspecified injury - 75% chance of playing,75,,,,1.5,1990-10-08
331,Gudmundsson,Gabriel Gudmundsson,LEE,DEF,4.5,0.5,68,2637,31,2.1,0,0,1.1,2.89,0.14,1.4,5,8,286,184,6.28,96.4,2025-07-08,a,,,,,,1.7,1999-04-29
473,Aina,Ola Aina,NFO,DEF,4.5,4.6,67,1587,18,3.7,0,2,0.41,0.84,0.07,1.44,6,5,264,130,7.37,50.5,2023-07-22,a,,,,,,1.7,1996-10-08
254,Robinson,Antonee Robinson,FUL,DEF,4.5,2.7,65,1487,17,3.0,1,0,1.07,1.58,0.16,1.46,4,7,280,136,8.23,79.3,2020-08-20,a,,,1,,,1.7,1997-08-08
34,Pau,Pau Torres,AVL,DEF,4.5,0.2,64,1673,18,3.0,0,2,1.33,0.39,0.09,1.23,5,2,280,112,6.03,45.1,2023-07-12,a,,,,,,1.7,1997-01-16
258,Castagne,Timothy Castagne,FUL,DEF,4.5,0.2,61,1838,20,2.0,0,2,1.5,1.47,0.14,1.6,3,3,294,146,7.15,86.2,2023-08-29,a,,,,,,1.7,1995-12-05
64,Smith,Adam Smith,BOU,DEF,4.5,0.1,58,1073,14,2.6,0,2,0.0,0.23,0.02,1.52,6,4,185,70,5.87,27.1,2014-01-28,a,,,,,,1.7,1991-04-29
502,Robertson,Andrew Robertson,TOT,DEF,4.5,1.8,55,1165,11,2.3,1,0,1.1,1.4,0.19,1.35,4,4,216,55,4.25,68.2,2026-07-01,a,,,,,,1.7,1994-03-11
36,Maatsen,Ian Maatsen,AVL,DEF,4.5,0.6,54,1590,17,1.8,0,1,1.26,2.39,0.21,1.51,2,1,242,128,7.25,94.3,2024-06-28,a,,,,,,1.7,2002-03-10
422,Mazraoui,Noussair Mazraoui,MUN,DEF,4.5,0.7,53,977,11,2.6,0,0,0.19,0.35,0.05,1.2,5,6,233,94,8.66,36.8,2024-08-13,a,,,,,,1.7,1997-11-14
89,Henry,Rico Henry,BRE,DEF,4.5,0.2,52,1322,14,2.1,0,2,0.18,0.54,0.05,1.63,4,0,144,68,4.63,26.9,2016-08-31,a,,,,,,1.7,1997-07-08
33,Mings,Tyrone Mings,AVL,DEF,4.5,0.2,50,1322,15,2.9,0,1,1.3,0.42,0.12,1.59,3,4,169,107,7.28,46.8,2019-07-08,a,,,,,,1.7,1993-03-13
212,Hughes,Will Hughes,CRY,MID,4.5,11.1,45,1560,19,1.5,0,1,1.11,1.94,0.17,1.46,5,0,217,148,8.54,60.9,2021-08-28,a,,,,7,,1.0,1995-04-17
326,Perri,Lucas Estella Perri,LEE,GKP,4.5,0.7,43,1440,16,2.7,0,0,0.0,0.0,0.0,1.67,3,3,153,0,0.0,32.2,2025-07-26,a,,,,,,1.9,1997-12-10
421,Heaven,Ayden Heaven,MUN,DEF,4.5,0.4,42,920,11,2.5,0,1,0.34,0.18,0.05,1.17,2,3,164,93,9.1,29.1,2025-02-01,a,,,,,,1.7,2006-09-22
114,Boscagli,Olivier Boscagli,BHA,DEF,4.5,0.1,39,799,9,3.2,0,1,0.05,0.47,0.06,1.22,3,4,171,78,8.79,31.1,2025-07-02,a,,,,,,1.7,1997-11-18
151,Acheampong,Josh Acheampong,CHE,DEF,4.5,0.2,39,657,8,2.3,1,0,0.62,0.13,0.1,2.15,2,5,118,44,6.03,24.4,2024-03-10,a,,,,,,1.7,2006-05-05
255,J.Cuenca,Jorge Cuenca Barreno,FUL,DEF,4.5,0.0,39,935,11,2.6,0,0,0.05,0.53,0.05,1.41,2,1,155,117,11.26,31.2,2024-08-03,a,,,,,,1.7,1999-11-17
475,Savona,Nicolò Savona,NFO,DEF,4.5,0.0,39,1025,11,2.8,2,0,1.34,0.45,0.16,1.32,3,0,131,57,5.0,43.5,2025-08-30,i,Knee injury - Unknown return date,0,,,,0.0,2003-03-19
90,Hickey,Aaron Hickey,BRE,DEF,4.5,0.1,37,679,8,1.8,0,0,0.44,0.17,0.08,1.2,2,0,105,51,6.76,16.0,2022-07-09,a,,,,,,1.7,2002-06-10
147,Tosin,Tosin Adarabioyo,CHE,DEF,4.5,0.1,34,788,8,2.1,0,0,0.11,0.4,0.06,1.51,2,2,130,97,11.08,29.3,2024-07-01,a,,,,,,1.7,1997-09-24
489,Yates,Ryan Yates,NFO,MID,4.5,7.3,30,602,2,1.4,0,2,0.49,0.37,0.13,1.28,0,0,123,69,10.32,27.2,2018-08-01,a,,,,,,1.0,1997-11-21
37,Lindelöf,Victor Lindelöf,AVL,DEF,4.5,0.2,29,942,11,1.7,0,1,0.28,0.1,0.04,1.52,1,0,124,54,5.16,22.7,2025-09-01,a,,,,,,1.7,1994-07-17
506,Udogie,Destiny Udogie,TOT,DEF,4.5,0.4,29,1335,14,1.4,0,1,0.18,0.72,0.06,1.29,1,1,121,68,4.58,49.8,2022-08-16,a,,,,,,1.7,2002-11-28
333,Bornauw,Sebastiaan Bornauw,LEE,DEF,4.5,0.0,25,429,5,2.1,0,0,0.2,0.01,0.04,1.83,2,0,73,49,10.28,12.2,2025-07-01,a,,,,,,1.7,1999-03-22
234,Patterson,Nathan Patterson,EVE,DEF,4.5,0.0,22,238,3,3.1,0,0,0.03,0.04,0.03,1.39,2,0,67,31,11.72,8.8,2022-01-04,a,,,,,,1.7,2001-10-16
206,Chadi Riad,Chadi Riad Dnanou,CRY,DEF,4.5,0.1,20,550,6,2.2,0,1,0.33,0.13,0.07,1.49,1,0,84,45,7.36,18.3,,a,,,,,,1.7,
496,Kinsky,Antonín Kinský,TOT,GKP,4.5,19.0,20,630,7,2.9,0,0,0.0,0.0,0.0,0.79,2,0,76,0,0.0,10.3,2025-01-05,a,,,,,,1.9,2003-03-13
148,Hato,Jorrel Hato,CHE,DEF,4.5,1.1,19,1139,12,0.9,0,0,0.3,0.61,0.07,1.46,0,0,93,99,7.82,38.4,2025-08-03,a,,,,,,1.7,2006-03-07
395,Lewis,Rico Lewis,MCI,DEF,4.5,0.2,19,401,4,1.7,0,1,0.19,1.39,0.35,1.53,1,2,72,19,4.26,23.8,2022-07-16,a,,,,,,1.7,2004-11-21
29,M.Bizot,Marco Bizot,AVL,GKP,4.5,0.1,16,585,6,2.3,0,0,0.0,0.0,0.0,1.7,1,0,75,0,0.0,13.9,2025-07-15,a,,,,,,1.9,1991-03-10
531,Ellborg,Melker Ellborg,SUN,GKP,4.5,0.1,16,270,3,5.3,0,0,0.0,0.02,0.01,1.37,1,3,62,0,0.0,7.4,2026-02-01,a,,,,,,1.9,2003-05-22
270,Reed,Harrison Reed,FUL,MID,4.5,1.1,15,89,1,2.1,1,0,0.13,0.45,0.59,3.47,0,2,48,6,6.07,9.7,2020-08-30,a,,,,,,1.0,1995-01-27
91,Pinnock,Ethan Pinnock,BRE,DEF,4.5,0.1,14,318,4,3.5,0,0,0.01,0.06,0.02,1.05,1,2,53,42,11.89,12.3,2019-07-02,a,,,,,,1.7,1993-05-29
474,Jair Cunha,Jair Paula da Cunha Filho,NFO,DEF,4.5,0.4,13,514,6,1.4,0,0,0.27,0.06,0.06,1.81,0,0,48,47,8.23,14.2,2025-07-11,a,,,,,,1.7,2005-03-07
413,Bayindir,Altay Bayındır,MUN,GKP,4.5,0.2,11,540,6,1.8,0,0,0.0,0.05,0.01,1.54,0,0,49,0,0.0,12.8,2023-09-01,a,,,,,,1.9,1998-04-14
468,John,John Victor Maciel Furtado,NFO,GKP,4.5,0.1,11,437,5,2.2,0,0,0.0,0.0,0.0,1.26,1,0,32,0,0.0,5.7,2025-08-31,a,,,,,,1.9,1996-02-13
478,Netz,Luca Netz,NFO,DEF,4.5,0.0,11,353,3,1.6,0,0,0.0,0.41,0.1,2.01,0,0,33,27,6.88,10.4,2026-02-02,a,,,,,,1.7,2003-05-15
117,Coppola,Diego Coppola,BHA,DEF,4.5,0.0,10,193,2,2.0,0,0,0.0,0.01,0.0,2.11,1,0,32,18,8.39,4.8,,a,,,,,,1.7,
146,B.Badiashile,Benoît Badiashile Mukinayi,CHE,DEF,4.5,0.0,7,470,6,0.9,0,0,0.0,0.06,0.01,1.42,0,0,48,48,9.19,11.4,2023-01-05,a,,,,,,1.7,2001-03-26
199,Benitez,Walter Benítez,CRY,GKP,4.5,0.1,7,90,1,7.0,0,0,0.0,0.0,0.0,1.12,1,0,29,0,0.0,2.3,2025-07-01,a,,,,,,1.9,1993-01-19
118,Igor,Igor Julio dos Santos de Paulo,BHA,DEF,4.5,0.1,6,103,1,1.5,0,0,0.0,0.0,0.0,4.07,0,0,10,13,11.36,3.6,2023-07-26,a,,,,,,1.7,1998-02-07
205,Sosa,Borna Sosa,CRY,DEF,4.5,0.0,6,99,0,0.9,0,0,0.04,0.07,0.1,0.82,0,0,9,9,8.18,4.5,2025-07-11,a,,,,,,1.7,1998-01-21
272,Kusi-Asare,Jonah Kusi-Asare,FUL,FWD,4.5,8.1,6,49,0,0.9,0,0,0.0,0.07,0.13,2.02,0,0,19,5,9.18,2.3,2026-06-27,a,,,,,,1.0,2007-07-04
132,Howell,Harry Howell,BHA,MID,4.5,0.3,4,92,1,1.3,0,0,0.0,0.03,0.03,1.02,0,0,11,7,6.85,1.8,,a,,,,,,1.0,
150,M.Sarr,Mamadou Sarr,CHE,DEF,4.5,0.1,3,100,1,1.0,0,0,0.35,0.0,0.32,1.47,0,0,4,8,7.2,1.3,2025-06-09,a,,,,,,1.7,2005-08-29
51,George Hemmings,George Hemmings,AVL,MID,4.5,0.3,2,25,0,1.0,0,0,0.04,0.01,0.18,2.2,0,0,5,1,3.6,0.3,,a,,,,,,1.0,
220,Cardines,Rio Cardines,CRY,DEF,4.5,0.0,2,90,1,2.0,0,0,0.02,0.16,0.18,2.53,0,0,21,7,7.0,4.9,2025-07-24,a,,,,,,1.7,2006-07-01
221,Drakes-Thomas,Joél Drakes-Thomas,CRY,MID,4.5,0.1,2,7,0,1.0,0,0,0.0,0.0,0.0,9.39,0,0,6,3,38.57,0.3,2025-12-10,a,,,,,,1.0,2009-06-09
409,Mukasa,Divine Mukasa,MCI,MID,4.5,0.1,2,25,0,1.0,0,0,0.0,0.21,0.76,1.22,0,0,5,1,3.6,3.7,,a,,,,,,1.0,
438,Fletcher,Tyler Fletcher,MUN,MID,4.5,0.3,2,17,0,1.0,0,0,0.0,0.01,0.05,1.75,0,0,6,2,10.59,0.3,2025-05-26,a,,,,,,1.0,2007-03-19
528,Scarlett,Dane Scarlett,TOT,FWD,4.5,1.7,2,7,0,1.0,0,0,0.0,0.01,0.13,0.39,0,0,5,1,12.86,0.7,2020-08-21,a,,,,,,1.0,2004-03-24
537,Seelt,Jenson Seelt,SUN,DEF,4.5,0.0,2,133,1,1.0,0,0,0.0,0.01,0.01,0.9,0,0,11,12,8.12,3.6,2023-07-01,a,,,,,,1.7,2003-05-23
50,Burrowes,Bradley Burrowes,AVL,MID,4.5,0.9,1,16,0,1.0,0,0,0.0,0.0,0.0,5.06,0,0,3,1,5.62,0.0,,a,,,,,,1.0,
83,Valdimarsson,Hákon Rafn Valdimarsson,BRE,GKP,4.5,0.1,1,90,1,1.0,0,0,0.0,0.0,0.0,0.97,0,0,1,0,0.0,1.3,2024-01-26,a,,,,,,1.9,2001-10-13
107,Furo,Kaye Furo,BRE,FWD,4.5,0.9,1,1,0,1.0,0,0,0.0,0.0,0.0,1.8,0,0,2,0,0.0,0.0,2026-01-11,a,,,,,,1.0,2007-02-06
134,Oriola,Nehemiah Oriola,BHA,MID,4.5,0.2,1,1,0,1.0,0,0,0.0,0.0,0.0,0.0,0,0,3,0,0.0,0.0,,a,,,,,,1.0,
163,D.Essugo,Dário Luís Essugo,CHE,MID,4.5,0.2,1,26,0,0.3,0,0,0.0,0.01,0.03,1.9,0,0,7,8,27.69,1.6,2025-06-02,a,,,,,,1.0,2005-03-14
169,Mheuka,Shumaira Mheuka,CHE,FWD,4.5,0.4,1,1,0,1.0,0,0,0.0,0.0,0.0,4.5,0,0,3,1,90.0,0.2,,a,,,,,,1.0,
437,Bendito Mantato,Bendito Mantato,MUN,MID,4.5,0.2,1,15,0,1.0,0,0,0.0,0.01,0.06,0.3,0,0,3,0,0.0,1.4,,a,,,,,,1.0,
466,Neave,Sean Neave,NEW,FWD,4.5,0.7,1,13,0,1.0,0,0,0.03,0.0,0.21,2.56,0,0,2,0,0.0,0.5,2025-02-07,a,,,,,,1.0,2007-05-27
524,Olusesi,Callum Olusesi,TOT,MID,4.5,0.9,1,14,0,1.0,0,0,0.0,0.01,0.06,4.82,0,0,3,2,12.86,0.2,,a,,,,,,1.0,
65,J.Araujo,Julián Araujo Zúñiga,BOU,DEF,4.5,0.1,0,0,0,0.0,0,0,0.0,0.0,0,0,0,0,0,0,0,0.0,2024-08-13,a,,,,,,1.7,2001-08-13
92,Ji-soo,Kim Ji-soo,BRE,DEF,4.5,0.0,0,0,0,0.0,0,0,0.0,0.0,0,0,0,0,0,0,0,0.0,2023-07-20,a,,,,,,1.7,2004-12-24
93,Schuster,Jannik Schuster,BRE,DEF,4.5,0.1,0,0,0,0.0,0,0,0.0,0.0,0,0,0,0,0,0,0,0.0,2026-06-15,a,,,,,,1.7,2006-05-16
119,Costinha,João Pedro Loureiro da Costa,BHA,DEF,4.5,0.0,0,0,0,0.0,0,0,0.0,0.0,0,0,0,0,0,0,0,0.0,2026-06-15,a,,,,,,1.7,2000-03-26
153,Disasi,Axel Disasi,CHE,DEF,4.5,0.1,0,0,0,0.0,0,0,0.0,0.0,0,0,0,0,0,88,0,0.0,2023-08-04,a,,,,,,1.7,1998-03-11
560,Penders,Mike Penders,CHE,GKP,4.5,0.1,0,0,0,0.0,0,0,0.0,0.0,0,0,0,0,0,0,0,0.0,2024-08-27,a,,,,,,1.9,2005-07-31
561,Anselmino,Aaron Anselmino,CHE,DEF,4.5,0.0,0,0,0,0.0,0,0,0.0,0.0,0,0,0,0,0,0,0,0.0,2024-08-08,a,,,,,,1.7,2005-04-29
110,Rushworth,Carl Rushworth,COV,GKP,4.5,0.8,0,0,0,0.0,0,0,0.0,0.0,0,0,0,0,0,0,0,0.0,2026-08-04,a,,,,,,1.9,2001-07-02
172,Wilson,Ben Wilson,COV,GKP,4.5,0.6,0,0,0,0.0,0,0,0.0,0.0,0,0,0,0,0,0,0,0.0,2019-07-01,a,,,,,,1.9,1992-08-09
189,Shepherd,George Shepherd,COV,MID,4.5,0.3,0,0,0,0.0,0,0,0.0,0.0,0,0,0,0,0,0,0,0.0,,a,,,,,,1.0,
191,Borges Rodrigues,Raphael Borges Rodrigues,COV,MID,4.5,0.2,0,0,0,0.0,0,0,0.0,0.0,0,0,0,0,0,0,0,0.0,2024-07-01,a,,,,,,1.0,2003-09-11
192,Andrews,Kaine Andrews,COV,MID,4.5,0.7,0,0,0,0.0,0,0,0.0,0.0,0,0,0,0,0,0,0,0.0,2023-08-11,a,,,,,,1.0,2006-08-06
197,Bassette,Norman Bassette,COV,FWD,4.5,0.5,0,0,0,0.0,0,0,0.0,0.0,0,0,0,0,0,0,0,0.0,,u,Has joined KVC Westerlo on loan for the rest of the season,0,,,,0.0,
207,Mingueza,Oscar Mingueza,CRY,DEF,4.5,0.1,0,0,0,0.0,0,0,0.0,0.0,0,0,0,0,0,0,0,0.0,2026-07-09,a,,,,,,1.7,1999-05-13
228,King,Tom King,EVE,GKP,4.5,0.1,0,0,0,0.0,0,0,0.0,0.0,0,0,0,0,0,0,0,0.0,2025-08-15,a,,,,,,1.9,1995-03-09
274,Butland,Jack Butland,HUL,GKP,4.5,1.0,0,0,0,0.0,0,0,0.0,0.0,0,0,0,0,0,0,0,0.0,2026-07-02,a,,,,,,1.9,1993-03-10
288,Dowell,Kieran Dowell,HUL,MID,4.5,0.5,0,0,0,0.0,0,0,0.0,0.0,0,0,0,0,0,0,0,0.0,2026-01-23,a,,,,,,1.0,1997-10-10
289,Crooks,Matt Crooks,HUL,MID,4.5,0.7,0,0,0,0.0,0,0,0.0,0.0,0,0,0,0,0,0,0,0.0,2025-01-10,a,,,1,,,1.0,1994-01-20
290,Slater,Regan Slater,HUL,MID,4.5,1.9,0,0,0,0.0,0,0,0.0,0.0,0,0,0,0,0,0,0,0.0,2022-01-27,a,,,,6,,1.0,1999-09-11
291,Matazo,Eliot Matazo,HUL,MID,4.5,0.0,0,0,0,0.0,0,0,0.0,0.0,0,0,0,0,0,0,0,0.0,2025-01-23,i,Knee injury - Unknown return date,0,,,,0.0,2002-02-15
294,Zambrano,Óscar Zambrano,HUL,MID,4.5,0.5,0,0,0,0.0,0,0,0.0,0.0,0,0,0,0,0,0,0,0.0,2026-07-21,i,Thigh injury - Unknown return date,0,,,,0.0,2004-04-20
297,Gyabi,Darko Gyabi,HUL,MID,4.5,0.2,0,0,0,0.0,0,0,0.0,0.0,0,0,0,0,0,0,0,0.0,2025-09-01,i,Thigh injury - Unknown return date,0,,,,0.0,2004-02-18
298,Destan,Enis Destan,HUL,FWD,4.5,2.6,0,0,0,0.0,0,0,0.0,0.0,0,0,0,0,0,0,0,0.0,2025-08-01,a,,,,,,1.0,2002-06-15
299,Burstow,Mason Burstow,HUL,FWD,4.5,0.7,0,0,0,0.0,0,0,0.0,0.0,0,0,0,0,0,0,0,0.0,2024-08-16,u,Has joined Sheffield Wednesday on loan for the rest of the season,0,,,,0.0,2003-08-04
572,Tzolakis,Konstantinos Tzolakis,HUL,GKP,4.5,0.0,0,0,0,0.0,0,0,0.0,0.0,0,0,0,0,0,0,0,0.0,2026-08-05,a,,,,,,1.9,2002-11-08
300,Walton,Christian Walton,IPS,GKP,4.5,0.6,0,0,0,0.0,0,0,0.0,0.0,0,0,0,0,0,0,0,0.0,2022-01-19,a,,,,,,1.9,1995-11-09
312,Taylor,Jack Taylor,IPS,MID,4.5,0.3,0,0,0,0.0,0,0,0.0,0.0,0,0,0,0,0,0,0,0.0,2023-06-26,i,Knee injury - Unknown return date,0,,,,0.0,1998-06-23
321,Walle Egeli,Sindre Walle Egeli,IPS,FWD,4.5,2.1,0,0,0,0.0,0,0,0.0,0.0,0,0,0,0,0,0,0,0.0,2025-08-29,a,,,,,,1.0,2006-06-21
323,McAteer,Kasey McAteer,IPS,MID,4.5,1.7,0,0,0,0.0,0,0,0.0,0.0,0,0,0,0,0,0,0,0.0,2025-08-22,a,,,,,,1.0,2001-11-22
554,Van Oevelen,Kayne van Oevelen,IPS,GKP,4.5,0.1,0,0,0,0.0,0,0,0.0,0.0,0,0,0,0,0,0,0,0.0,2026-07-21,a,,,,,,1.9,2003-08-07
564,Scherpen,Kjell Scherpen,IPS,GKP,4.5,0.3,0,0,0,0.0,0,0,0.0,0.0,0,0,0,0,0,0,0,0.0,2026-07-28,a,,,,,,1.9,2000-01-23
349,Mateo Joseph,Mateo Joseph Fernández-Regatillo,LEE,FWD,4.5,0.3,0,0,0,0.0,0,0,0.0,0.0,0,0,0,0,0,0,0,0.0,2022-11-04,i,Knee injury - Unknown return date,0,,,,0.0,2003-10-19
378,McConnell,James McConnell,LIV,MID,4.5,0.2,0,0,0,0.0,0,0,0.0,0.0,0,0,0,0,0,0,0,0.0,2023-07-18,a,,,,,,1.0,2004-09-13
382,Danns,Jayden Danns,LIV,FWD,4.5,0.1,0,0,0,0.0,0,0,0.0,0.0,0,0,0,0,0,0,0,0.0,,i,Unspecified injury - Unknown return date,0,,,,0.0,
386,Bettinelli,Marcus Bettinelli,MCI,GKP,4.5,0.0,0,0,0,0.0,0,0,0.0,0.0,0,0,0,0,0,0,0,0.0,2025-06-10,a,,,,,,1.9,1992-05-24
396,Vitor Reis,Vitor de Oliveira Nunes dos Reis,MCI,DEF,4.5,0.0,0,0,0,0.0,0,0,0.0,0.0,0,0,0,0,0,0,0,0.0,2025-01-21,a,,,,,,1.7,2006-01-12
441,Obi,Chido Obi,MUN,FWD,4.5,1.2,0,0,0,0.0,0,0,0.0,0.0,0,0,0,0,0,0,0,0.0,2025-02-15,a,,,,,,1.0,2007-11-29
443,Gillespie,Mark Gillespie,NEW,GKP,4.5,0.0,0,0,0,0.0,0,0,0.0,0.0,0,0,0,0,0,0,0,0.0,2020-07-27,a,,,,,,1.9,1992-03-27
444,Jaouen,Ewen Jaouen,NEW,GKP,4.5,0.1,0,0,0,0.0,0,0,0.0,0.0,0,0,0,0,0,0,0,0.0,2026-06-15,a,,,,,,1.9,2005-12-29
507,Phillips,Ashley Phillips,TOT,DEF,4.5,0.1,0,0,0,0.0,0,0,0.0,0.0,0,0,0,0,0,0,0,0.0,2023-08-05,a,,,,,,1.7,2005-06-26
541,Meunier,Thomas Meunier,SUN,DEF,4.5,0.5,0,0,0,0.0,0,0,0.0,0.0,0,0,0,0,0,0,0,0.0,2026-07-15,a,,,,,,1.7,1991-09-12
497,Dubravka,Martin Dubravka,TOT,GKP,4.0,24.0,96,3150,35,2.7,0,0,0.0,0.04,0.0,2.04,4,7,436,0,0.0,97.9,2026-07-01,a,,,,,,1.0,1989-01-15
259,Diop,Issa Diop,IPS,DEF,4.0,19.6,31,812,8,2.4,1,0,0.8,0.05,0.1,1.38,1,3,103,61,6.76,23.0,2026-07-22,a,,,,,,1.0,1997-01-09
539,O'Nien,Luke O'Nien,SUN,DEF,4.0,2.3,26,565,5,2.2,0,1,0.15,0.13,0.04,1.47,2,1,90,43,6.85,17.1,2018-07-30,a,,,,,,1.0,1994-11-21
508,Davies,Ben Davies,TOT,DEF,4.0,0.8,10,136,2,3.3,1,0,0.49,0.07,0.37,0.73,0,1,29,14,9.26,14.2,2014-07-23,a,,,,,,1.0,1993-04-24
352,Woodman,Freddie Woodman,LIV,GKP,4.0,1.2,6,212,2,2.0,0,0,0.0,0.0,0.0,2.02,0,0,34,0,0.0,8.4,2025-07-01,a,,,,,,1.0,1997-03-04
38,A.García,Andrés García,AVL,DEF,4.0,1.6,5,83,1,0.8,0,0,0.0,0.01,0.01,2.97,0,0,12,10,10.84,2.3,,a,,,,,,1.0,
66,Soler,Julio Soler Barreto,BOU,DEF,4.0,0.6,3,34,0,1.0,0,0,0.0,0.0,0.0,4.29,0,0,2,1,2.65,0.6,2025-01-07,a,,,,,,1.0,2005-02-16
477,Abbott,Zach Abbott,NFO,DEF,4.0,0.2,3,165,2,1.0,0,0,0.0,0.01,0.01,1.89,0,0,3,13,7.09,3.2,2022-08-22,a,,,,,,1.0,2006-05-13
511,Souza,João Victor de Souza Menezes,TOT,DEF,4.0,0.3,3,142,2,0.8,0,0,0.02,0.03,0.03,1.65,0,0,0,6,3.8,6.2,2026-01-22,a,,,,,,1.0,2006-06-16
451,A.Murphy,Alex Murphy,NEW,DEF,4.0,0.8,2,7,0,1.0,0,0,0.0,0.0,0.0,6.3,0,0,3,4,51.43,1.3,2023-07-19,a,,,,,,1.0,2004-06-25
425,Fredricson,Tyler Fredricson,MUN,DEF,4.0,0.1,1,2,0,1.0,0,0,0.0,0.0,0.0,13.5,0,0,4,2,90.0,0.4,2022-09-07,a,,,,,,1.0,2005-02-23
509,Byfield,Jun'ai Byfield,TOT,DEF,4.0,0.1,1,1,0,1.0,0,0,0.0,0.0,0.0,0.0,0,0,3,0,0.0,0.1,,a,,,,,,1.0,
510,Rowswell,James Rowswell,TOT,DEF,4.0,0.1,1,1,0,1.0,0,0,0.0,0.0,0.0,32.4,0,0,3,0,0.0,0.0,,a,,,,,,1.0,
540,Masuaku,Arthur Masuaku,SUN,DEF,4.0,1.4,1,125,2,0.3,0,0,0.07,0.08,0.11,1.5,0,0,4,10,7.2,4.9,2025-08-10,a,,,,,,1.0,1993-11-07
39,Nedeljkovic,Kosta Nedeljkovic,AVL,DEF,4.0,0.5,0,0,0,0.0,0,0,0.0,0.0,0,0,0,0,0,0,0,0.0,2024-01-22,a,,,,,,1.0,2005-12-16
58,Forster,Fraser Forster,BOU,GKP,4.0,3.1,0,0,0,0.0,0,0,0.0,0.0,0,0,0,0,0,0,0,0.0,2026-01-02,a,,,,,,1.0,1988-03-17
59,Dennis,Will Dennis,BOU,GKP,4.0,0.2,0,0,0,0.0,0,0,0.0,0.0,0,0,0,0,0,0,0,0.0,2019-08-01,a,,,,,,1.0,2000-07-10
111,Steele,Jason Steele,BHA,GKP,4.0,4.6,0,0,0,0.0,0,0,0.0,0.0,0,0,0,0,0,0,0,0.0,2018-07-01,a,,,,,,1.0,1990-08-18
171,Dovin,Oliver Dovin,COV,GKP,4.0,2.8,0,0,0,0.0,0,0,0.0,0.0,0,0,0,0,0,0,0,0.0,2024-07-19,a,,,,,,1.0,2002-07-11
173,Thomas,Bobby Thomas,COV,DEF,4.0,8.9,0,0,0,0.0,0,0,0.0,0.0,0,0,0,0,0,0,0,0.0,2023-07-22,a,,,,,,1.0,2001-01-30
174,Kitching,Liam Kitching,COV,DEF,4.0,0.4,0,0,0,0.0,0,0,0.0,0.0,0,0,0,0,0,0,0,0.0,2023-09-01,a,,,,,,1.0,1999-09-25
175,van Ewijk,Milan van Ewijk,COV,DEF,4.0,16.4,0,0,0,0.0,0,0,0.0,0.0,0,0,0,0,0,0,0,0.0,2023-07-27,a,,,,,,1.0,2000-09-08
176,Dasilva,Jay Dasilva,COV,DEF,4.0,0.5,0,0,0,0.0,0,0,0.0,0.0,0,0,0,0,0,0,0,0.0,2023-07-01,a,,,,,,1.0,1998-04-22
177,Kesler-Hayden,Kaine Kesler-Hayden,COV,DEF,4.0,0.1,0,0,0,0.0,0,0,0.0,0.0,0,0,0,0,0,0,0,0.0,2025-07-01,a,,,,,,1.0,2002-10-23
178,Bidwell,Jake Bidwell,COV,DEF,4.0,0.1,0,0,0,0.0,0,0,0.0,0.0,0,0,0,0,0,0,0,0.0,2022-01-17,a,,,,,,1.0,1993-03-21
179,Latibeaudiere,Joel Latibeaudiere,COV,DEF,4.0,0.1,0,0,0,0.0,0,0,0.0,0.0,0,0,0,0,0,0,0,0.0,2023-07-18,a,,,,,,1.0,2000-01-06
180,Woolfenden,Luke Woolfenden,COV,DEF,4.0,0.3,0,0,0,0.0,0,0,0.0,0.0,0,0,0,0,0,0,0,0.0,2025-09-01,a,,,,,,1.0,1998-10-21
181,Brau,Miguel Brau,COV,DEF,4.0,0.1,0,0,0,0.0,0,0,0.0,0.0,0,0,0,0,0,0,0,0.0,2025-07-01,a,,,,,,1.0,2001-12-27
182,Amenda,Aurèle Amenda,COV,DEF,4.0,0.5,0,0,0,0.0,0,0,0.0,0.0,0,0,0,0,0,0,0,0.0,2026-07-16,a,,,,,,1.0,2003-07-31
555,Matthews,Remi Matthews,CRY,GKP,4.0,1.7,0,0,0,0.0,0,0,0.0,0.0,0,0,0,0,0,0,0,0.0,2021-07-13,a,,,,,,1.0,1994-02-10
235,Aznou,Adam Aznou,EVE,DEF,4.0,0.2,0,0,0,0.0,0,0,0.0,0.0,0,0,0,0,0,0,0,0.0,2025-07-29,a,,,,,,1.0,2006-06-02
251,Lecomte,Benjamin Lecomte,FUL,GKP,4.0,1.4,0,0,0,0.0,0,0,0.0,0.0,0,0,0,0,0,0,0,0.0,2025-07-26,a,,,,,,1.0,1991-04-26
252,McNally,Alfie McNally,FUL,GKP,4.0,0.2,0,0,0,0.0,0,0,0.0,0.0,0,0,0,0,0,0,0,0.0,,a,,,,,,1.0,
273,Phillips,Dillon Phillips,HUL,GKP,4.0,2.1,0,0,0,0.0,0,0,0.0,0.0,0,0,0,0,0,0,0,0.0,2025-07-01,a,,,,,,1.0,1995-06-11
275,Cartwright,Harvey Cartwright,HUL,GKP,4.0,0.1,0,0,0,0.0,0,0,0.0,0.0,0,0,0,0,0,0,0,0.0,2020-07-01,u,Has joined Grimsby Town on loan for the rest of the season,0,,,,0.0,2002-05-09
276,Lo-Tutala,Thimothée Lo-Tutala,HUL,GKP,4.0,0.2,0,0,0,0.0,0,0,0.0,0.0,0,0,0,0,0,0,0,0.0,2023-07-01,a,,,,,,1.0,2003-02-13
277,Egan,John Egan,HUL,DEF,4.0,0.9,0,0,0,0.0,0,0,0.0,0.0,0,0,0,0,0,0,0,0.0,2025-02-03,a,,,,,,1.0,1992-10-20
278,Hughes,Charlie Hughes,HUL,DEF,4.0,1.2,0,0,0,0.0,0,0,0.0,0.0,0,0,0,0,0,0,0,0.0,2024-08-16,i,Groin injury - Unknown return date,0,,,,0.0,2003-10-16
279,Ajayi,Semi Ajayi,HUL,DEF,4.0,0.6,0,0,0,0.0,0,0,0.0,0.0,0,0,0,0,0,0,0,0.0,2025-07-01,a,,,,,,1.0,1993-11-09
280,Coyle,Lewie Coyle,HUL,DEF,4.0,0.4,0,0,0,0.0,0,0,0.0,0.0,0,0,0,0,0,0,0,0.0,2020-08-07,a,,,,,,1.0,1995-10-15
281,Drameh,Cody Drameh,HUL,DEF,4.0,0.1,0,0,0,0.0,0,0,0.0,0.0,0,0,0,0,0,0,0,0.0,2024-07-23,a,,,,,,1.0,2001-12-08
282,Giles,Ryan Giles,HUL,DEF,4.0,0.6,0,0,0,0.0,0,0,0.0,0.0,0,0,0,0,0,0,0,0.0,2024-06-27,a,,,,4,1,1.0,2000-01-26
283,Jacob,Matty Jacob,HUL,DEF,4.0,0.1,0,0,0,0.0,0,0,0.0,0.0,0,0,0,0,0,0,0,0.0,2019-07-01,d,Hip injury - 75% chance of playing,75,,,,0.8,2001-06-03
284,McCarthy,Cathal McCarthy,HUL,DEF,4.0,0.1,0,0,0,0.0,0,0,0.0,0.0,0,0,0,0,0,0,0,0.0,,a,,,,,,1.0,
285,McNair,Paddy McNair,HUL,DEF,4.0,0.1,0,0,0,0.0,0,0,0.0,0.0,0,0,0,0,0,0,0,0.0,2026-01-28,a,,,,,,1.0,1995-04-27
556,Targett,Matt Targett,HUL,DEF,4.0,2.6,0,0,0,0.0,0,0,0.0,0.0,0,0,0,0,0,0,0,0.0,2026-07-23,a,,,,,,1.0,1995-09-18
301,Palmer,Alex Palmer,IPS,GKP,4.0,5.9,0,0,0,0.0,0,0,0.0,0.0,0,0,0,0,0,0,0,0.0,2025-02-03,a,,,,,,1.0,1996-08-10
302,Button,David Button,IPS,GKP,4.0,0.5,0,0,0,0.0,0,0,0.0,0.0,0,0,0,0,0,0,0,0.0,2025-07-04,a,,,,,,1.0,1989-02-27
303,Kipré,Cédric Kipré,IPS,DEF,4.0,0.4,0,0,0,0.0,0,0,0.0,0.0,0,0,0,0,0,0,0,0.0,2026-07-01,a,,,,,,1.0,1996-12-09
304,O'Shea,Dara O'Shea,IPS,DEF,4.0,1.6,0,0,0,0.0,0,0,0.0,0.0,0,0,0,0,0,0,0,0.0,2024-08-25,a,,,,,,1.0,1999-03-04
305,Davis,Leif Davis,IPS,DEF,4.0,3.4,0,0,0,0.0,0,0,0.0,0.0,0,0,0,0,0,0,0,0.0,2022-07-25,a,,,,6,2,1.0,1999-12-31
306,Greaves,Jacob Greaves,IPS,DEF,4.0,0.5,0,0,0,0.0,0,0,0.0,0.0,0,0,0,0,0,0,0,0.0,2024-07-12,a,,,,,,1.0,2000-09-12
307,Johnson,Ben Johnson,IPS,DEF,4.0,0.1,0,0,0,0.0,0,0,0.0,0.0,0,0,0,0,0,0,0,0.0,2024-07-01,a,,,,,,1.0,2000-01-24
308,Furlong,Darnell Furlong,IPS,DEF,4.0,0.3,0,0,0,0.0,0,0,0.0,0.0,0,0,0,0,0,0,0,0.0,2025-08-28,a,,,,,,1.0,1995-10-31
353,Pecsi,Armin Pecsi,LIV,GKP,4.0,0.1,0,0,0,0.0,0,0,0.0,0.0,0,0,0,0,0,0,0,0.0,,a,,,,,,1.0,
354,Jaros,Vitezslav Jaros,LIV,GKP,4.0,0.0,0,0,0,0.0,0,0,0.0,0.0,0,0,0,0,0,0,0,0.0,2019-07-10,i,Knee injury - Unknown return date,0,,,,0.0,2001-07-23
355,Davies,Harvey Davies,LIV,GKP,4.0,0.1,0,0,0,0.0,0,0,0.0,0.0,0,0,0,0,0,0,0,0.0,2021-03-09,a,,,,,,1.0,2003-09-03
361,Lucky,Wellity Lucky,LIV,DEF,4.0,0.1,0,0,0,0.0,0,0,0.0,0.0,0,0,0,0,0,0,0,0.0,,a,,,,,,1.0,
363,Leoni,Giovanni Leoni,LIV,DEF,4.0,0.1,0,0,0,0.0,0,0,0.0,0.0,0,0,0,0,0,0,0,0.0,2025-08-15,i,Knee injury - Unknown return date,0,,,,0.0,2006-12-21
365,Ramsay,Calvin Ramsay,LIV,DEF,4.0,0.2,0,0,0,0.0,0,0,0.0,0.0,0,0,0,0,0,0,0,0.0,2022-06-19,a,,,,,,1.0,2003-07-31
414,Heaton,Tom Heaton,MUN,GKP,4.0,0.3,0,0,0,0.0,0,0,0.0,0.0,0,0,0,0,0,0,0,0.0,2021-07-02,a,,,,,,1.0,1986-04-15
424,Amass,Harry Amass,MUN,DEF,4.0,0.2,0,0,0,0.0,0,0,0.0,0.0,0,0,0,0,0,0,0,0.0,2024-04-06,a,,,,,,1.0,2007-03-16
476,O.Richards,Omar Richards,NFO,DEF,4.0,0.2,0,0,0,0.0,0,0,0.0,0.0,0,0,0,0,0,0,0,0.0,2022-07-10,a,,,,,,1.0,1998-02-15
479,Bindon,Tyler Bindon,NFO,DEF,4.0,0.2,0,0,0,0.0,0,0,0.0,0.0,0,0,0,0,0,0,0,0.0,2025-02-03,a,,,,,,1.0,2005-01-27
495,Austin,Brandon Austin,TOT,GKP,4.0,0.6,0,0,0,0.0,0,0,0.0,0.0,0,0,0,0,0,0,0,0.0,2017-07-22,a,,,,,,1.0,1999-01-08
530,Patterson,Anthony Patterson,SUN,GKP,4.0,1.0,0,0,0,0.0,0,0,0.0,0.0,0,0,0,0,0,0,0,0.0,2018-10-09,a,,,,,,1.0,2000-05-10
538,Hjelde,Leo Fuhr Hjelde,SUN,DEF,4.0,0.3,0,0,0,0.0,0,0,0.0,0.0,0,0,0,0,0,0,0,0.0,2024-01-30,a,,,,,,1.0,2003-08-26
